v -0.068561 -0.002633 0.005232
v -0.137122 -0.004291 0.010712
v -0.068966 0.000000 0.000000
v -0.067353 -0.005234 0.010403
v -0.134706 -0.008532 0.021298
v -0.065355 -0.007775 0.015452
v -0.130711 -0.012673 0.031634
v -0.062591 -0.010224 0.020320
v -0.125183 -0.016665 0.041600
v -0.059094 -0.012553 0.024950
v -0.118187 -0.020462 0.051077
v -0.054903 -0.014735 0.029286
v -0.109806 -0.024019 0.059957
v -0.050069 -0.016745 0.033280
v -0.100137 -0.027294 0.068132
v -0.044647 -0.018558 0.036883
v -0.089295 -0.030249 0.075510
v -0.038703 -0.020153 0.040055
v -0.077405 -0.032850 0.082002
v -0.032304 -0.021512 0.042756
v -0.064608 -0.035066 0.087532
v -0.025527 -0.022619 0.044956
v -0.051054 -0.036870 0.092037
v -0.018450 -0.023461 0.046629
v -0.036900 -0.038242 0.095462
v -0.011157 -0.024028 0.047756
v -0.022315 -0.039166 0.097768
v -0.003734 -0.024313 0.048322
v -0.007467 -0.039631 0.098928
v 0.003734 -0.024313 0.048322
v 0.007467 -0.039631 0.098928
v 0.011157 -0.024028 0.047756
v 0.022315 -0.039166 0.097768
v 0.018450 -0.023461 0.046629
v 0.036900 -0.038242 0.095462
v 0.025527 -0.022619 0.044956
v 0.051054 -0.036870 0.092036
v 0.032304 -0.021512 0.042756
v 0.064608 -0.035066 0.087532
v 0.038703 -0.020153 0.040055
v 0.077405 -0.032850 0.082002
v 0.044647 -0.018558 0.036883
v 0.089295 -0.030249 0.075510
v 0.050069 -0.016745 0.033280
v 0.100137 -0.027294 0.068132
v 0.054903 -0.014735 0.029286
v 0.109806 -0.024019 0.059957
v 0.059094 -0.012553 0.024950
v 0.118187 -0.020462 0.051077
v 0.062591 -0.010224 0.020320
v 0.125183 -0.016665 0.041600
v 0.065355 -0.007775 0.015452
v 0.130711 -0.012673 0.031634
v 0.067353 -0.005234 0.010403
v 0.134706 -0.008532 0.021298
v 0.068561 -0.002633 0.005232
v 0.137122 -0.004291 0.010712
v 0.068966 -0.000000 0.000000
v 0.137931 -0.000000 0.000000
v -0.205684 -0.004945 0.016362
v -0.137931 0.000000 0.000000
v -0.202059 -0.009832 0.032532
v -0.196066 -0.014604 0.048321
v -0.187774 -0.019205 0.063543
v -0.177281 -0.023580 0.078020
v -0.164709 -0.027679 0.091583
v -0.150206 -0.031454 0.104071
v -0.133942 -0.034859 0.115340
v -0.116108 -0.037857 0.125257
v -0.096912 -0.040410 0.133705
v -0.076580 -0.042489 0.140585
v -0.055351 -0.044070 0.145817
v -0.033472 -0.045135 0.149340
v -0.011201 -0.045671 0.151111
v 0.011201 -0.045671 0.151111
v 0.033472 -0.045135 0.149340
v 0.055351 -0.044070 0.145817
v 0.076580 -0.042489 0.140585
v 0.096912 -0.040410 0.133705
v 0.116108 -0.037857 0.125257
v 0.133942 -0.034859 0.115340
v 0.150206 -0.031454 0.104071
v 0.164709 -0.027679 0.091583
v 0.177281 -0.023580 0.078020
v 0.187774 -0.019205 0.063543
v 0.196066 -0.014604 0.048321
v 0.202059 -0.009832 0.032532
v 0.205684 -0.004945 0.016362
v 0.206897 -0.000000 0.000000
v -0.274245 -0.004573 0.022105
v -0.206897 0.000000 0.000000
v -0.269413 -0.009093 0.043951
v -0.261422 -0.013506 0.065281
v -0.250366 -0.017761 0.085846
v -0.236374 -0.021807 0.105405
v -0.219612 -0.025598 0.123728
v -0.200275 -0.029089 0.140600
v -0.178589 -0.032239 0.155824
v -0.154810 -0.035010 0.169221
v -0.129216 -0.037372 0.180634
v -0.102107 -0.039295 0.189929
v -0.073801 -0.040757 0.196998
v -0.044629 -0.041742 0.201757
v -0.014935 -0.042237 0.204150
v 0.014935 -0.042237 0.204150
v 0.044630 -0.041742 0.201757
v 0.073801 -0.040757 0.196998
v 0.102107 -0.039295 0.189929
v 0.129216 -0.037372 0.180634
v 0.154810 -0.035010 0.169221
v 0.178589 -0.032239 0.155824
v 0.200275 -0.029089 0.140600
v 0.219612 -0.025598 0.123728
v 0.236374 -0.021807 0.105405
v 0.250366 -0.017761 0.085846
v 0.261422 -0.013506 0.065281
v 0.269413 -0.009093 0.043951
v 0.274245 -0.004573 0.022105
v 0.275862 -0.000000 0.000000
v -0.342806 -0.003164 0.027861
v -0.275862 0.000000 0.000000
v -0.336766 -0.006291 0.055395
v -0.326777 -0.009345 0.082280
v -0.312957 -0.012289 0.108200
v -0.295468 -0.015089 0.132852
v -0.274515 -0.017711 0.155946
v -0.250343 -0.020127 0.177212
v -0.223237 -0.022306 0.196400
v -0.193513 -0.024224 0.213285
v -0.161520 -0.025857 0.227670
v -0.127634 -0.027188 0.239386
v -0.092251 -0.028200 0.248295
v -0.055787 -0.028881 0.254293
v -0.018669 -0.029224 0.257309
v 0.018669 -0.029224 0.257309
v 0.055787 -0.028881 0.254293
v 0.092251 -0.028200 0.248295
v 0.127634 -0.027188 0.239386
v 0.161520 -0.025857 0.227670
v 0.193513 -0.024224 0.213285
v 0.223237 -0.022306 0.196400
v 0.250343 -0.020127 0.177212
v 0.274515 -0.017711 0.155946
v 0.295468 -0.015089 0.132852
v 0.312957 -0.012289 0.108200
v 0.326777 -0.009345 0.082280
v 0.336766 -0.006291 0.055395
v 0.342806 -0.003164 0.027861
v 0.344828 -0.000000 0.000000
v -0.411367 -0.000716 0.033550
v -0.344828 0.000000 0.000000
v -0.404119 -0.001424 0.066707
v -0.392132 -0.002115 0.099081
v -0.375548 -0.002782 0.130294
v -0.354562 -0.003415 0.159979
v -0.329418 -0.004009 0.187789
v -0.300412 -0.004556 0.213397
v -0.267884 -0.005049 0.236503
v -0.232215 -0.005483 0.256836
v -0.193824 -0.005853 0.274158
v -0.153161 -0.006154 0.288266
v -0.110701 -0.006383 0.298994
v -0.066944 -0.006537 0.306217
v -0.022402 -0.006615 0.309850
v 0.022402 -0.006615 0.309850
v 0.066944 -0.006537 0.306217
v 0.110701 -0.006383 0.298994
v 0.153161 -0.006154 0.288266
v 0.193824 -0.005853 0.274158
v 0.232215 -0.005483 0.256836
v 0.267884 -0.005049 0.236503
v 0.300412 -0.004556 0.213397
v 0.329418 -0.004009 0.187789
v 0.354562 -0.003415 0.159979
v 0.375548 -0.002782 0.130294
v 0.392132 -0.002115 0.099081
v 0.404119 -0.001424 0.066707
v 0.411367 -0.000716 0.033550
v 0.413793 -0.000000 0.000000
v -0.479929 0.002763 0.039092
v -0.413793 0.000000 0.000000
v -0.471472 0.005493 0.077725
v -0.457488 0.008159 0.115447
v -0.438140 0.010729 0.151816
v -0.413655 0.013174 0.186404
v -0.384321 0.015464 0.218808
v -0.350481 0.017573 0.248645
v -0.312531 0.019475 0.275569
v -0.270918 0.021150 0.299260
v -0.226128 0.022576 0.319444
v -0.178687 0.023738 0.335882
v -0.129152 0.024621 0.348383
v -0.078102 0.025216 0.356798
v -0.026136 0.025515 0.361031
v 0.026136 0.025515 0.361031
v 0.078102 0.025216 0.356798
v 0.129152 0.024621 0.348383
v 0.178687 0.023738 0.335882
v 0.226128 0.022576 0.319444
v 0.270918 0.021150 0.299260
v 0.312531 0.019475 0.275568
v 0.350481 0.017573 0.248645
v 0.384321 0.015464 0.218807
v 0.413655 0.013174 0.186404
v 0.438140 0.010729 0.151816
v 0.457488 0.008159 0.115447
v 0.471472 0.005493 0.077725
v 0.479929 0.002763 0.039092
v 0.482759 -0.000000 0.000000
v -0.548490 0.007255 0.044407
v -0.482759 0.000000 0.000000
v -0.538825 0.014425 0.088293
v -0.522843 0.021425 0.131144
v -0.500731 0.028175 0.172457
v -0.472749 0.034594 0.211749
v -0.439224 0.040607 0.248558
v -0.400549 0.046145 0.282453
v -0.357179 0.051141 0.313037
v -0.309620 0.055538 0.339949
v -0.258432 0.059284 0.362877
v -0.204214 0.062335 0.381550
v -0.147602 0.064654 0.395751
v -0.089259 0.066216 0.405310
v -0.029870 0.067002 0.410119
v 0.029870 0.067002 0.410119
v 0.089259 0.066216 0.405310
v 0.147602 0.064654 0.395751
v 0.204214 0.062335 0.381550
v 0.258432 0.059284 0.362877
v 0.309620 0.055538 0.339949
v 0.357179 0.051141 0.313037
v 0.400549 0.046145 0.282453
v 0.439224 0.040607 0.248558
v 0.472749 0.034594 0.211749
v 0.500731 0.028175 0.172457
v 0.522843 0.021425 0.131144
v 0.538825 0.014425 0.088293
v 0.548490 0.007255 0.044407
v 0.551724 -0.000000 0.000000
v -0.617051 0.012732 0.049417
v -0.551724 0.000000 0.000000
v -0.606178 0.025316 0.098255
v -0.588199 0.037602 0.145940
v -0.563323 0.049447 0.191915
v -0.531842 0.060713 0.235640
v -0.494127 0.071267 0.276602
v -0.450618 0.080986 0.314321
v -0.401826 0.089755 0.348356
v -0.348323 0.097471 0.378305
v -0.290736 0.104045 0.403820
v -0.229741 0.109399 0.424600
v -0.166052 0.113471 0.440402
v -0.100416 0.116212 0.451041
v -0.033603 0.117590 0.456392
v 0.033604 0.117590 0.456392
v 0.100416 0.116212 0.451041
v 0.166052 0.113471 0.440401
v 0.229741 0.109399 0.424600
v 0.290736 0.104045 0.403820
v 0.348323 0.097471 0.378305
v 0.401826 0.089755 0.348355
v 0.450618 0.080986 0.314321
v 0.494127 0.071267 0.276602
v 0.531842 0.060713 0.235640
v 0.563323 0.049447 0.191915
v 0.588199 0.037602 0.145940
v 0.606178 0.025316 0.098255
v 0.617051 0.012732 0.049417
v 0.620690 -0.000000 0.000000
v -0.685612 0.019158 0.054047
v -0.620690 0.000000 0.000000
v -0.673531 0.038092 0.107459
v -0.653554 0.056580 0.159611
v -0.625914 0.074404 0.209893
v -0.590936 0.091355 0.257713
v -0.549030 0.107236 0.302512
v -0.500686 0.121859 0.343765
v -0.446473 0.135054 0.380987
v -0.387026 0.146665 0.413742
v -0.323040 0.156557 0.441647
v -0.255268 0.164613 0.464374
v -0.184502 0.170739 0.481656
v -0.111574 0.174864 0.493291
v -0.037337 0.176939 0.499144
v 0.037337 0.176939 0.499144
v 0.111574 0.174864 0.493291
v 0.184502 0.170739 0.481656
v 0.255268 0.164613 0.464374
v 0.323040 0.156557 0.441647
v 0.387026 0.146665 0.413742
v 0.446473 0.135054 0.380987
v 0.500687 0.121859 0.343765
v 0.549030 0.107236 0.302512
v 0.590936 0.091355 0.257713
v 0.625914 0.074404 0.209893
v 0.653554 0.056580 0.159611
v 0.673531 0.038092 0.107459
v 0.685612 0.019159 0.054046
v 0.689655 -0.000000 0.000000
v -0.754174 0.026487 0.058220
v -0.689655 0.000000 0.000000
v -0.740885 0.052663 0.115758
v -0.718909 0.078221 0.171938
v -0.688505 0.102863 0.226103
v -0.650030 0.126299 0.277617
v -0.603933 0.148254 0.325877
v -0.550755 0.168471 0.370315
v -0.491121 0.186712 0.410411
v -0.425728 0.202765 0.445697
v -0.355344 0.216440 0.475757
v -0.280794 0.227578 0.500238
v -0.202952 0.236048 0.518855
v -0.122731 0.241750 0.531389
v -0.041071 0.244618 0.537693
v 0.041071 0.244618 0.537693
v 0.122731 0.241750 0.531389
v 0.202953 0.236048 0.518855
v 0.280795 0.227578 0.500238
v 0.355344 0.216440 0.475757
v 0.425728 0.202765 0.445697
v 0.491121 0.186712 0.410411
v 0.550755 0.168471 0.370315
v 0.603933 0.148254 0.325876
v 0.650030 0.126299 0.277617
v 0.688506 0.102863 0.226103
v 0.718909 0.078222 0.171938
v 0.740885 0.052663 0.115758
v 0.754174 0.026487 0.058220
v 0.758621 -0.000000 0.000000
v -0.822735 0.034661 0.061869
v -0.758621 0.000000 0.000000
v -0.808238 0.068917 0.123012
v -0.784265 0.102364 0.182713
v -0.751097 0.134611 0.240272
v -0.709123 0.165280 0.295014
v -0.658836 0.194011 0.346298
v -0.600824 0.220467 0.393521
v -0.535768 0.244339 0.436130
v -0.464431 0.265346 0.473626
v -0.387648 0.283242 0.505570
v -0.306321 0.297818 0.531586
v -0.221403 0.308901 0.551370
v -0.133888 0.316363 0.564689
v -0.044805 0.320116 0.571388
v 0.044805 0.320116 0.571388
v 0.133889 0.316363 0.564689
v 0.221403 0.308901 0.551370
v 0.306321 0.297818 0.531586
v 0.387648 0.283242 0.505570
v 0.464431 0.265346 0.473626
v 0.535768 0.244339 0.436130
v 0.600824 0.220467 0.393521
v 0.658836 0.194011 0.346298
v 0.709123 0.165280 0.295014
v 0.751097 0.134611 0.240272
v 0.784265 0.102364 0.182713
v 0.808238 0.068917 0.123012
v 0.822735 0.034662 0.061868
v 0.827586 -0.000000 0.000000
v -0.891296 0.043619 0.064925
v -0.827586 0.000000 0.000000
v -0.875591 0.086727 0.129088
v -0.849620 0.128817 0.191738
v -0.813688 0.169398 0.252140
v -0.768217 0.207992 0.309585
v -0.713739 0.244148 0.363401
v -0.650892 0.277442 0.412957
v -0.580415 0.307483 0.457670
v -0.503133 0.333919 0.497019
v -0.419952 0.356440 0.530540
v -0.331848 0.374782 0.557841
v -0.239853 0.388730 0.578602
v -0.145046 0.398120 0.592579
v -0.048538 0.402843 0.599609
v 0.048538 0.402843 0.599609
v 0.145046 0.398120 0.592579
v 0.239853 0.388730 0.578602
v 0.331848 0.374782 0.557841
v 0.419952 0.356440 0.530540
v 0.503133 0.333919 0.497019
v 0.580415 0.307483 0.457670
v 0.650893 0.277442 0.412957
v 0.713739 0.244148 0.363400
v 0.768217 0.207993 0.309585
v 0.813688 0.169398 0.252139
v 0.849620 0.128817 0.191738
v 0.875591 0.086727 0.129088
v 0.891296 0.043619 0.064925
v 0.896552 -0.000000 0.000000
v -0.959857 0.053287 0.067325
v -0.896552 0.000000 0.000000
v -0.942944 0.105949 0.133860
v -0.914975 0.157369 0.198826
v -0.876280 0.206944 0.261461
v -0.827310 0.254092 0.321030
v -0.768642 0.298262 0.376835
v -0.700961 0.338935 0.428223
v -0.625063 0.375634 0.474590
v -0.541836 0.407929 0.515393
v -0.452256 0.435442 0.550153
v -0.357375 0.457849 0.578464
v -0.258303 0.474889 0.599993
v -0.156203 0.486361 0.614486
v -0.052272 0.492131 0.621776
v 0.052272 0.492131 0.621776
v 0.156203 0.486361 0.614486
v 0.258303 0.474889 0.599993
v 0.357375 0.457849 0.578464
v 0.452257 0.435442 0.550153
v 0.541836 0.407929 0.515393
v 0.625063 0.375634 0.474590
v 0.700961 0.338935 0.428223
v 0.768642 0.298262 0.376835
v 0.827310 0.254093 0.321030
v 0.876280 0.206944 0.261461
v 0.914975 0.157369 0.198826
v 0.942944 0.105949 0.133860
v 0.959857 0.053287 0.067325
v 0.965517 -0.000000 0.000000
v -1.028419 0.063585 0.069011
v -0.965517 0.000000 0.000000
v -1.010297 0.126424 0.137213
v -0.980331 0.187782 0.203807
v -0.938871 0.246938 0.268011
v -0.886404 0.303198 0.329073
v -0.823545 0.355904 0.386276
v -0.751030 0.404437 0.438952
v -0.669710 0.448229 0.486480
v -0.580538 0.486766 0.528305
v -0.484560 0.519595 0.563936
v -0.382901 0.546333 0.592956
v -0.276753 0.566666 0.615024
v -0.167361 0.580355 0.629881
v -0.056006 0.587240 0.637354
v 0.056006 0.587240 0.637354
v 0.167361 0.580355 0.629881
v 0.276754 0.566666 0.615024
v 0.382902 0.546333 0.592956
v 0.484561 0.519595 0.563936
v 0.580538 0.486766 0.528305
v 0.669710 0.448229 0.486480
v 0.751030 0.404437 0.438951
v 0.823545 0.355904 0.386276
v 0.886404 0.303198 0.329072
v 0.938871 0.246938 0.268011
v 0.980331 0.187782 0.203806
v 1.010297 0.126425 0.137213
v 1.028419 0.063585 0.069011
v 1.034483 -0.000000 0.000000
v -1.096980 0.074426 0.069931
v -1.034483 0.000000 0.000000
v -1.077650 0.147980 0.139043
v -1.045686 0.219799 0.206525
v -1.001463 0.289041 0.271586
v -0.945498 0.354894 0.333461
v -0.878447 0.416586 0.391428
v -0.801098 0.473394 0.444806
v -0.714357 0.524653 0.492968
v -0.619241 0.569760 0.535352
v -0.516864 0.608187 0.571458
v -0.408428 0.639484 0.600864
v -0.295204 0.663283 0.623227
v -0.178518 0.679306 0.638281
v -0.059739 0.687365 0.645854
v 0.059740 0.687365 0.645854
v 0.178518 0.679306 0.638281
v 0.295204 0.663283 0.623226
v 0.408428 0.639484 0.600864
v 0.516865 0.608187 0.571457
v 0.619241 0.569760 0.535352
v 0.714357 0.524653 0.492968
v 0.801099 0.473395 0.444806
v 0.878448 0.416586 0.391428
v 0.945498 0.354894 0.333461
v 1.001463 0.289041 0.271586
v 1.045686 0.219799 0.206525
v 1.077650 0.147980 0.139043
v 1.096980 0.074426 0.069931
v 1.103448 -0.000000 0.000000
v -1.165541 0.085717 0.070039
v -1.103448 0.000000 0.000000
v -1.145003 0.170429 0.139256
v -1.111042 0.253143 0.206842
v -1.064054 0.332889 0.272001
v -1.004591 0.408732 0.333972
v -0.933350 0.479783 0.392028
v -0.851167 0.545210 0.445487
v -0.759005 0.604244 0.493724
v -0.657943 0.656193 0.536171
v -0.549168 0.700450 0.572333
v -0.433955 0.736495 0.601784
v -0.313654 0.763904 0.624181
v -0.189675 0.782358 0.639260
v -0.063473 0.791639 0.646843
v 0.063473 0.791639 0.646843
v 0.189676 0.782358 0.639260
v 0.313654 0.763904 0.624181
v 0.433955 0.736495 0.601784
v 0.549169 0.700450 0.572333
v 0.657943 0.656194 0.536171
v 0.759005 0.604244 0.493723
v 0.851167 0.545210 0.445486
v 0.933351 0.479783 0.392027
v 1.004591 0.408732 0.333972
v 1.064054 0.332889 0.272001
v 1.111042 0.253143 0.206841
v 1.145003 0.170429 0.139256
v 1.165541 0.085717 0.070039
v 1.172414 -0.000000 0.000000
v -1.234102 0.097357 0.069292
v -1.172414 0.000000 0.000000
v -1.212357 0.193573 0.137771
v -1.176397 0.287519 0.204635
v -1.126645 0.378095 0.269100
v -1.063685 0.464237 0.330409
v -0.988253 0.544937 0.387846
v -0.901236 0.619248 0.440735
v -0.803652 0.686299 0.488457
v -0.696646 0.745303 0.530452
v -0.581473 0.795570 0.566228
v -0.459482 0.836509 0.595366
v -0.332104 0.867641 0.617523
v -0.200833 0.888601 0.632441
v -0.067207 0.899143 0.639943
v 0.067207 0.899143 0.639943
v 0.200833 0.888601 0.632441
v 0.332104 0.867641 0.617523
v 0.459482 0.836509 0.595366
v 0.581473 0.795570 0.566227
v 0.696646 0.745304 0.530452
v 0.803652 0.686299 0.488457
v 0.901236 0.619248 0.440735
v 0.988254 0.544937 0.387846
v 1.063685 0.464237 0.330409
v 1.126645 0.378095 0.269100
v 1.176397 0.287519 0.204635
v 1.212357 0.193573 0.137771
v 1.234102 0.097357 0.069292
v 1.241379 -0.000000 0.000000
v -1.302664 0.109242 0.067656
v -1.241379 0.000000 0.000000
v -1.279710 0.217203 0.134519
v -1.241752 0.322618 0.199804
v -1.189237 0.424250 0.262748
v -1.122778 0.520908 0.322611
v -1.043156 0.611459 0.378691
v -0.951304 0.694842 0.430332
v -0.848299 0.770078 0.476927
v -0.735349 0.836285 0.517931
v -0.613777 0.892688 0.552863
v -0.485009 0.938625 0.581312
v -0.350554 0.973557 0.602947
v -0.211990 0.997076 0.617512
v -0.070941 1.008904 0.624838
v 0.070941 1.008904 0.624838
v 0.211990 0.997076 0.617512
v 0.350554 0.973557 0.602947
v 0.485009 0.938625 0.581312
v 0.613777 0.892688 0.552863
v 0.735349 0.836285 0.517931
v 0.848299 0.770078 0.476927
v 0.951304 0.694842 0.430331
v 1.043156 0.611459 0.378691
v 1.122778 0.520908 0.322610
v 1.189237 0.424250 0.262747
v 1.241752 0.322618 0.199804
v 1.279710 0.217203 0.134519
v 1.302664 0.109242 0.067656
v 1.310345 -0.000000 0.000000
v -1.371225 0.121262 0.065104
v -1.310345 0.000000 0.000000
v -1.347063 0.241102 0.129445
v -1.307108 0.358115 0.192269
v -1.251828 0.470930 0.252838
v -1.181872 0.578223 0.310444
v -1.098059 0.678737 0.364409
v -1.001373 0.771294 0.414102
v -0.892947 0.854808 0.458940
v -0.774051 0.928300 0.498397
v -0.646081 0.990909 0.532012
v -0.510535 1.041900 0.559389
v -0.369005 1.080676 0.580207
v -0.223148 1.106782 0.594223
v -0.074674 1.119912 0.601273
v 0.074674 1.119912 0.601273
v 0.223148 1.106782 0.594223
v 0.369005 1.080676 0.580207
v 0.510535 1.041900 0.559388
v 0.646081 0.990909 0.532012
v 0.774051 0.928300 0.498397
v 0.892947 0.854808 0.458940
v 1.001373 0.771294 0.414102
v 1.098059 0.678737 0.364409
v 1.181872 0.578223 0.310444
v 1.251828 0.470930 0.252838
v 1.307108 0.358115 0.192269
v 1.347063 0.241102 0.129445
v 1.371225 0.121262 0.065104
v 1.379310 -0.000000 0.000000
v -1.439786 0.133303 0.061617
v -1.379310 0.000000 0.000000
v -1.414416 0.265043 0.122511
v -1.372463 0.393676 0.181969
v -1.314420 0.517693 0.239294
v -1.240966 0.635641 0.293813
v -1.152962 0.746136 0.344887
v -1.051442 0.847884 0.391918
v -0.937594 0.939691 0.434353
v -0.812754 1.020481 0.471697
v -0.678385 1.089307 0.503510
v -0.536062 1.145362 0.529420
v -0.387455 1.187988 0.549124
v -0.234305 1.216686 0.562389
v -0.078408 1.231120 0.569061
v 0.078408 1.231120 0.569061
v 0.234305 1.216686 0.562389
v 0.387455 1.187988 0.549124
v 0.536062 1.145362 0.529420
v 0.678385 1.089307 0.503510
v 0.812754 1.020481 0.471697
v 0.937594 0.939691 0.434353
v 1.051442 0.847884 0.391918
v 1.152962 0.746137 0.344887
v 1.240966 0.635641 0.293813
v 1.314420 0.517693 0.239294
v 1.372463 0.393676 0.181969
v 1.414416 0.265043 0.122511
v 1.439786 0.133303 0.061616
v 1.448276 -0.000000 0.000000
v -1.508347 0.145250 0.057180
v -1.448276 0.000000 0.000000
v -1.481769 0.288797 0.113689
v -1.437819 0.428958 0.168866
v -1.377011 0.564089 0.222062
v -1.300059 0.692608 0.272656
v -1.207865 0.813006 0.320052
v -1.101510 0.923873 0.363696
v -0.982241 1.023908 0.403076
v -0.851456 1.111938 0.437731
v -0.710689 1.186932 0.467254
v -0.561589 1.248011 0.491298
v -0.405905 1.294457 0.509582
v -0.245462 1.325728 0.521893
v -0.082142 1.341455 0.528084
v 0.082142 1.341455 0.528084
v 0.245462 1.325728 0.521892
v 0.405905 1.294457 0.509582
v 0.561589 1.248011 0.491298
v 0.710689 1.186932 0.467254
v 0.851456 1.111938 0.437731
v 0.982241 1.023908 0.403076
v 1.101510 0.923873 0.363696
v 1.207865 0.813006 0.320052
v 1.300059 0.692608 0.272655
v 1.377011 0.564090 0.222062
v 1.437819 0.428958 0.168866
v 1.481769 0.288797 0.113689
v 1.508347 0.145250 0.057179
v 1.517241 -0.000000 0.000000
v -1.576908 0.156984 0.051789
v -1.517241 0.000000 0.000000
v -1.549122 0.312127 0.102970
v -1.503174 0.463610 0.152945
v -1.439602 0.609659 0.201125
v -1.359153 0.748559 0.246948
v -1.262768 0.878684 0.289876
v -1.151579 0.998507 0.329405
v -1.026889 1.106623 0.365072
v -0.890159 1.201765 0.396459
v -0.742993 1.282817 0.423199
v -0.587116 1.348830 0.444976
v -0.424355 1.399028 0.461537
v -0.256620 1.432825 0.472685
v -0.085876 1.449823 0.478293
v 0.085876 1.449823 0.478293
v 0.256620 1.432825 0.472685
v 0.424355 1.399028 0.461536
v 0.587116 1.348830 0.444976
v 0.742993 1.282817 0.423198
v 0.890159 1.201765 0.396459
v 1.026889 1.106623 0.365072
v 1.151579 0.998507 0.329405
v 1.262768 0.878684 0.289876
v 1.359153 0.748560 0.246948
v 1.439602 0.609659 0.201125
v 1.503174 0.463611 0.152944
v 1.549122 0.312127 0.102970
v 1.576908 0.156984 0.051788
v 1.586207 -0.000000 0.000000
v -1.645470 0.168385 0.045446
v -1.586207 0.000000 0.000000
v -1.616475 0.334795 0.090358
v -1.568529 0.497281 0.134212
v -1.502194 0.653936 0.176491
v -1.418246 0.802925 0.216703
v -1.317671 0.942500 0.254372
v -1.201648 1.071025 0.289061
v -1.071536 1.186993 0.320359
v -0.928861 1.289045 0.347902
v -0.775297 1.375984 0.371366
v -0.612642 1.446791 0.390476
v -0.442806 1.500636 0.405008
v -0.267777 1.536887 0.414792
v -0.089609 1.555119 0.419713
v 0.089609 1.555119 0.419713
v 0.267777 1.536887 0.414792
v 0.442805 1.500636 0.405008
v 0.612642 1.446791 0.390476
v 0.775297 1.375984 0.371365
v 0.928861 1.289045 0.347902
v 1.071536 1.186993 0.320359
v 1.201648 1.071025 0.289060
v 1.317671 0.942500 0.254372
v 1.418246 0.802925 0.216702
v 1.502194 0.653937 0.176491
v 1.568529 0.497281 0.134212
v 1.616475 0.334796 0.090358
v 1.645470 0.168385 0.045446
v 1.655172 -0.000000 0.000000
v -1.714031 0.179333 0.038162
v -1.655172 0.000000 0.000000
v -1.683829 0.356564 0.075875
v -1.633885 0.529615 0.112700
v -1.564785 0.696456 0.148203
v -1.477340 0.855132 0.181968
v -1.372574 1.003783 0.213601
v -1.251716 1.140665 0.242729
v -1.116183 1.264174 0.269010
v -0.967564 1.372861 0.292138
v -0.807601 1.465453 0.311842
v -0.638169 1.540864 0.327889
v -0.461256 1.598209 0.340091
v -0.278935 1.636817 0.348307
v -0.093343 1.656235 0.352439
v 0.093343 1.656235 0.352439
v 0.278934 1.636817 0.348307
v 0.461256 1.598209 0.340091
v 0.638169 1.540864 0.327889
v 0.807601 1.465453 0.311842
v 0.967564 1.372861 0.292138
v 1.116183 1.264174 0.269010
v 1.251716 1.140665 0.242728
v 1.372574 1.003783 0.213600
v 1.477340 0.855133 0.181968
v 1.564785 0.696457 0.148202
v 1.633885 0.529615 0.112700
v 1.683829 0.356565 0.075875
v 1.714031 0.179334 0.038162
v 1.724138 -0.000000 0.000000
v -1.782592 0.189710 0.029954
v -1.724138 0.000000 0.000000
v -1.751182 0.377196 0.059558
v -1.699240 0.560259 0.088462
v -1.627377 0.736755 0.116329
v -1.536434 0.904612 0.142834
v -1.427477 1.061863 0.167663
v -1.301785 1.206666 0.190526
v -1.160831 1.337321 0.211156
v -1.006266 1.452297 0.229309
v -0.839905 1.550246 0.244775
v -0.663696 1.630021 0.257371
v -0.479706 1.690685 0.266950
v -0.290092 1.731526 0.273398
v -0.097077 1.752068 0.276642
v 0.097077 1.752068 0.276642
v 0.290092 1.731526 0.273398
v 0.479706 1.690685 0.266950
v 0.663696 1.630021 0.257371
v 0.839905 1.550246 0.244775
v 1.006266 1.452297 0.229309
v 1.160831 1.337321 0.211156
v 1.301785 1.206666 0.190526
v 1.427477 1.061864 0.167663
v 1.536434 0.904612 0.142833
v 1.627377 0.736755 0.116329
v 1.699240 0.560260 0.088462
v 1.751182 0.377196 0.059557
v 1.782592 0.189710 0.029954
v 1.793103 -0.000000 0.000000
v -1.851153 0.199396 0.020851
v -1.793103 0.000000 0.000000
v -1.818535 0.396455 0.041456
v -1.764596 0.588865 0.061577
v -1.689968 0.774372 0.080974
v -1.595527 0.950800 0.099423
v -1.482380 1.116081 0.116706
v -1.351854 1.268276 0.132621
v -1.205478 1.405602 0.146981
v -1.044969 1.526449 0.159617
v -0.872209 1.629400 0.170383
v -0.689223 1.713247 0.179150
v -0.498156 1.777008 0.185818
v -0.301249 1.819935 0.190307
v -0.100810 1.841526 0.192564
v 0.100810 1.841526 0.192564
v 0.301249 1.819935 0.190307
v 0.498156 1.777008 0.185818
v 0.689223 1.713247 0.179150
v 0.872209 1.629400 0.170382
v 1.044969 1.526449 0.159617
v 1.205478 1.405603 0.146981
v 1.351854 1.268276 0.132620
v 1.482380 1.116081 0.116706
v 1.595527 0.950800 0.099423
v 1.689968 0.774372 0.080974
v 1.764596 0.588866 0.061576
v 1.818535 0.396455 0.041456
v 1.851153 0.199396 0.020850
v 1.862069 -0.000000 0.000000
v -1.919715 0.208276 0.010884
v -1.862069 0.000000 0.000000
v -1.885888 0.414111 0.021641
v -1.829951 0.615091 0.032143
v -1.752559 0.808859 0.042269
v -1.654621 0.993144 0.051900
v -1.537283 1.165786 0.060922
v -1.401922 1.324759 0.069229
v -1.250125 1.468201 0.076726
v -1.083672 1.594430 0.083322
v -0.904513 1.701966 0.088942
v -0.714750 1.789547 0.093518
v -0.516607 1.856148 0.096999
v -0.312407 1.900987 0.099342
v -0.104544 1.923539 0.100520
v 0.104544 1.923539 0.100520
v 0.312406 1.900987 0.099342
v 0.516606 1.856148 0.096998
v 0.714749 1.789547 0.093518
v 0.904513 1.701966 0.088941
v 1.083671 1.594430 0.083321
v 1.250125 1.468202 0.076725
v 1.401922 1.324760 0.069229
v 1.537283 1.165786 0.060922
v 1.654621 0.993145 0.051899
v 1.752559 0.808859 0.042269
v 1.829951 0.615091 0.032143
v 1.885888 0.414111 0.021641
v 1.919715 0.208277 0.010884
v 1.931034 -0.000000 0.000000
v -1.988276 0.216238 0.000098
v -1.931034 0.000000 0.000000
v -1.953241 0.429941 0.000193
v -1.895306 0.638603 0.000287
v -1.815151 0.839778 0.000378
v -1.713714 1.031107 0.000463
v -1.592186 1.210348 0.000545
v -1.451991 1.375399 0.000619
v -1.294773 1.524324 0.000685
v -1.122374 1.655378 0.000744
v -0.936817 1.767024 0.000794
v -0.740276 1.857953 0.000835
v -0.535057 1.927100 0.000866
v -0.323564 1.973653 0.000887
v -0.108278 1.997066 0.000898
v 0.108278 1.997066 0.000898
v 0.323564 1.973653 0.000887
v 0.535057 1.927100 0.000866
v 0.740276 1.857953 0.000835
v 0.936817 1.767024 0.000794
v 1.122374 1.655378 0.000744
v 1.294773 1.524324 0.000685
v 1.451991 1.375399 0.000618
v 1.592186 1.210348 0.000544
v 1.713714 1.031108 0.000463
v 1.815151 0.839778 0.000377
v 1.895306 0.638603 0.000286
v 1.953241 0.429941 0.000193
v 1.988276 0.216238 0.000097
v 2.000000 -0.000000 0.000000
v 0.000000 0.000000 0.000000
v -2.000000 0.000000 0.000000
vn -0.0142 -0.8936 -0.4486
vn -0.0280 -0.8956 -0.4439
vn -0.0407 -0.8989 -0.4363
vn -0.0516 -0.9036 -0.4253
vn -0.0604 -0.9093 -0.4118
vn -0.0666 -0.9157 -0.3964
vn -0.0699 -0.9225 -0.3797
vn -0.0700 -0.9294 -0.3622
vn -0.0670 -0.9361 -0.3452
vn -0.0611 -0.9422 -0.3293
vn -0.0524 -0.9476 -0.3152
vn -0.0415 -0.9518 -0.3038
vn -0.0286 -0.9549 -0.2954
vn -0.0145 -0.9567 -0.2907
vn -0.0127 -0.9567 -0.2907
vn -0.0087 -0.9567 -0.2910
vn 0.0000 -0.9571 -0.2897
vn 0.0126 -0.9567 -0.2907
vn 0.0087 -0.9567 -0.2910
vn 0.0072 -0.9566 -0.2912
vn 0.0140 -0.9555 -0.2945
vn 0.0200 -0.9539 -0.2996
vn 0.0250 -0.9517 -0.3061
vn 0.0287 -0.9491 -0.3138
vn 0.0310 -0.9461 -0.3222
vn 0.0318 -0.9431 -0.3311
vn 0.0309 -0.9399 -0.3399
vn 0.0286 -0.9369 -0.3483
vn 0.0249 -0.9342 -0.3559
vn 0.0199 -0.9319 -0.3623
vn 0.0139 -0.9300 -0.3672
vn 0.0071 -0.9288 -0.3705
vn -0.0000 -0.9283 -0.3719
vn -0.0217 -0.9286 -0.3704
vn -0.0426 -0.9308 -0.3632
vn -0.0619 -0.9345 -0.3505
vn -0.0786 -0.9397 -0.3329
vn -0.0919 -0.9459 -0.3111
vn -0.1013 -0.9528 -0.2861
vn -0.1062 -0.9600 -0.2590
vn -0.1063 -0.9671 -0.2311
vn -0.1018 -0.9737 -0.2038
vn -0.0926 -0.9796 -0.1782
vn -0.0793 -0.9846 -0.1557
vn -0.0626 -0.9885 -0.1373
vn -0.0432 -0.9913 -0.1241
vn -0.0220 -0.9929 -0.1165
vn -0.0204 -0.9929 -0.1169
vn -0.0158 -0.9929 -0.1176
vn 0.0000 -0.9934 -0.1150
vn 0.0204 -0.9929 -0.1169
vn 0.0158 -0.9929 -0.1176
vn 0.0145 -0.9929 -0.1181
vn 0.0281 -0.9917 -0.1251
vn 0.0403 -0.9899 -0.1357
vn 0.0504 -0.9875 -0.1495
vn 0.0580 -0.9845 -0.1658
vn 0.0627 -0.9810 -0.1838
vn 0.0642 -0.9772 -0.2026
vn 0.0627 -0.9732 -0.2214
vn 0.0579 -0.9692 -0.2392
vn 0.0503 -0.9655 -0.2553
vn 0.0402 -0.9623 -0.2690
vn 0.0281 -0.9598 -0.2794
vn 0.0145 -0.9580 -0.2863
vn -0.0000 -0.9572 -0.2893
vn -0.0293 -0.9574 -0.2872
vn -0.0575 -0.9592 -0.2770
vn -0.0834 -0.9622 -0.2592
vn -0.1058 -0.9664 -0.2344
vn -0.1236 -0.9712 -0.2039
vn -0.1360 -0.9762 -0.1690
vn -0.1422 -0.9811 -0.1314
vn -0.1420 -0.9855 -0.0928
vn -0.1356 -0.9892 -0.0553
vn -0.1230 -0.9922 -0.0204
vn -0.1051 -0.9944 0.0100
vn -0.0827 -0.9960 0.0347
vn -0.0570 -0.9970 0.0524
vn -0.0290 -0.9976 0.0626
vn -0.0276 -0.9977 0.0618
vn -0.0225 -0.9979 0.0606
vn 0.0000 -0.9979 0.0646
vn 0.0277 -0.9977 0.0618
vn 0.0225 -0.9979 0.0606
vn 0.0215 -0.9980 0.0600
vn 0.0418 -0.9979 0.0495
vn 0.0599 -0.9976 0.0336
vn 0.0751 -0.9971 0.0128
vn 0.0867 -0.9962 -0.0118
vn 0.0939 -0.9948 -0.0391
vn 0.0965 -0.9930 -0.0680
vn 0.0943 -0.9908 -0.0969
vn 0.0874 -0.9884 -0.1246
vn 0.0760 -0.9858 -0.1495
vn 0.0608 -0.9834 -0.1708
vn 0.0425 -0.9814 -0.1871
vn 0.0219 -0.9800 -0.1979
vn -0.0000 -0.9793 -0.2026
vn -0.0369 -0.9791 -0.1999
vn -0.0725 -0.9797 -0.1867
vn -0.1050 -0.9809 -0.1636
vn -0.1329 -0.9823 -0.1318
vn -0.1549 -0.9836 -0.0927
vn -0.1698 -0.9843 -0.0483
vn -0.1769 -0.9842 -0.0009
vn -0.1759 -0.9833 0.0471
vn -0.1671 -0.9815 0.0935
vn -0.1510 -0.9791 0.1360
vn -0.1285 -0.9766 0.1727
vn -0.1008 -0.9741 0.2022
vn -0.0693 -0.9723 0.2233
vn -0.0352 -0.9713 0.2353
vn -0.0343 -0.9715 0.2345
vn -0.0285 -0.9721 0.2326
vn 0.0000 -0.9713 0.2378
vn 0.0343 -0.9715 0.2345
vn 0.0285 -0.9721 0.2326
vn 0.0278 -0.9723 0.2321
vn 0.0542 -0.9742 0.2190
vn 0.0780 -0.9769 0.1989
vn 0.0981 -0.9801 0.1725
vn 0.1136 -0.9835 0.1410
vn 0.1236 -0.9867 0.1055
vn 0.1275 -0.9895 0.0678
vn 0.1251 -0.9917 0.0296
vn 0.1163 -0.9932 -0.0073
vn 0.1015 -0.9940 -0.0409
vn 0.0814 -0.9943 -0.0695
vn 0.0570 -0.9942 -0.0918
vn 0.0294 -0.9939 -0.1064
vn -0.0000 -0.9936 -0.1128
vn -0.0445 -0.9930 -0.1095
vn -0.0874 -0.9918 -0.0935
vn -0.1263 -0.9898 -0.0655
vn -0.1594 -0.9868 -0.0271
vn -0.1851 -0.9825 0.0197
vn -0.2019 -0.9767 0.0723
vn -0.2092 -0.9695 0.1277
vn -0.2069 -0.9611 0.1832
vn -0.1955 -0.9519 0.2359
vn -0.1756 -0.9427 0.2836
vn -0.1488 -0.9342 0.3243
vn -0.1163 -0.9270 0.3566
vn -0.0796 -0.9217 0.3795
vn -0.0404 -0.9189 0.3925
vn -0.0398 -0.9192 0.3918
vn -0.0337 -0.9204 0.3894
vn 0.0000 -0.9186 0.3953
vn 0.0398 -0.9192 0.3918
vn 0.0337 -0.9204 0.3894
vn 0.0333 -0.9206 0.3890
vn 0.0651 -0.9250 0.3744
vn 0.0939 -0.9314 0.3517
vn 0.1186 -0.9394 0.3218
vn 0.1380 -0.9484 0.2855
vn 0.1509 -0.9579 0.2442
vn 0.1565 -0.9673 0.1997
vn 0.1543 -0.9760 0.1539
vn 0.1441 -0.9835 0.1093
vn 0.1263 -0.9897 0.0682
vn 0.1016 -0.9943 0.0327
vn 0.0712 -0.9974 0.0051
vn 0.0368 -0.9992 -0.0133
vn -0.0000 -0.9998 -0.0213
vn -0.0521 -0.9985 -0.0175
vn -0.1020 -0.9948 0.0011
vn -0.1471 -0.9886 0.0333
vn -0.1849 -0.9797 0.0773
vn -0.2135 -0.9682 0.1303
vn -0.2316 -0.9543 0.1891
vn -0.2386 -0.9383 0.2502
vn -0.2344 -0.9212 0.3104
vn -0.2200 -0.9039 0.3667
vn -0.1966 -0.8875 0.4168
vn -0.1657 -0.8728 0.4591
vn -0.1290 -0.8609 0.4922
vn -0.0881 -0.8523 0.5156
vn -0.0446 -0.8476 0.5288
vn -0.0443 -0.8479 0.5283
vn -0.0379 -0.8498 0.5257
vn 0.0000 -0.8469 0.5317
vn 0.0443 -0.8479 0.5283
vn 0.0379 -0.8498 0.5257
vn 0.0379 -0.8501 0.5253
vn 0.0741 -0.8569 0.5102
vn 0.1074 -0.8670 0.4867
vn 0.1362 -0.8799 0.4552
vn 0.1592 -0.8950 0.4166
vn 0.1751 -0.9115 0.3721
vn 0.1828 -0.9285 0.3233
vn 0.1813 -0.9450 0.2724
vn 0.1703 -0.9601 0.2220
vn 0.1499 -0.9731 0.1749
vn 0.1211 -0.9836 0.1339
vn 0.0852 -0.9912 0.1016
vn 0.0441 -0.9958 0.0800
vn -0.0000 -0.9975 0.0705
vn -0.0594 -0.9954 0.0747
vn -0.1162 -0.9886 0.0953
vn -0.1669 -0.9772 0.1309
vn -0.2089 -0.9614 0.1791
vn -0.2399 -0.9416 0.2364
vn -0.2586 -0.9185 0.2990
vn -0.2646 -0.8934 0.3632
vn -0.2583 -0.8674 0.4253
vn -0.2409 -0.8421 0.4826
vn -0.2140 -0.8187 0.5328
vn -0.1795 -0.7985 0.5745
vn -0.1392 -0.7824 0.6070
vn -0.0948 -0.7710 0.6298
vn -0.0479 -0.7647 0.6426
vn -0.0480 -0.7649 0.6423
vn -0.0415 -0.7677 0.6394
vn 0.0000 -0.7638 0.6455
vn 0.0480 -0.7649 0.6423
vn 0.0415 -0.7677 0.6394
vn 0.0416 -0.7678 0.6393
vn 0.0816 -0.7767 0.6246
vn 0.1185 -0.7901 0.6015
vn 0.1509 -0.8075 0.5702
vn 0.1774 -0.8284 0.5314
vn 0.1962 -0.8517 0.4859
vn 0.2061 -0.8763 0.4354
vn 0.2057 -0.9010 0.3819
vn 0.1944 -0.9244 0.3281
vn 0.1721 -0.9453 0.2770
vn 0.1397 -0.9626 0.2320
vn 0.0986 -0.9756 0.1961
vn 0.0511 -0.9838 0.1720
vn -0.0000 -0.9869 0.1612
vn -0.0665 -0.9839 0.1656
vn -0.1297 -0.9736 0.1876
vn -0.1857 -0.9564 0.2255
vn -0.2312 -0.9329 0.2762
vn -0.2639 -0.9042 0.3357
vn -0.2827 -0.8719 0.3999
vn -0.2872 -0.8377 0.4646
vn -0.2785 -0.8034 0.5262
vn -0.2582 -0.7709 0.5823
vn -0.2282 -0.7417 0.6307
vn -0.1906 -0.7169 0.6707
vn -0.1474 -0.6973 0.7015
vn -0.1002 -0.6836 0.7229
vn -0.0506 -0.6761 0.7351
vn -0.0508 -0.6762 0.7350
vn -0.0443 -0.6797 0.7321
vn 0.0000 -0.6749 0.7379
vn 0.0508 -0.6762 0.7350
vn 0.0443 -0.6797 0.7321
vn 0.0446 -0.6797 0.7322
vn 0.0876 -0.6901 0.7183
vn 0.1276 -0.7062 0.6964
vn 0.1632 -0.7274 0.6665
vn 0.1927 -0.7532 0.6290
vn 0.2144 -0.7825 0.5846
vn 0.2265 -0.8143 0.5345
vn 0.2275 -0.8469 0.4806
vn 0.2163 -0.8787 0.4256
vn 0.1927 -0.9078 0.3726
vn 0.1572 -0.9325 0.3253
vn 0.1114 -0.9514 0.2871
vn 0.0579 -0.9636 0.2612
vn -0.0000 -0.9684 0.2495
vn -0.0733 -0.9645 0.2539
vn -0.1425 -0.9504 0.2766
vn -0.2032 -0.9269 0.3154
vn -0.2517 -0.8956 0.3669
vn -0.2856 -0.8581 0.4267
vn -0.3038 -0.8169 0.4902
vn -0.3068 -0.7744 0.5534
vn -0.2957 -0.7329 0.6128
vn -0.2727 -0.6943 0.6660
vn -0.2399 -0.6603 0.7117
vn -0.1997 -0.6318 0.7489
vn -0.1539 -0.6097 0.7775
vn -0.1044 -0.5943 0.7974
vn -0.0527 -0.5859 0.8087
vn -0.0529 -0.5856 0.8088
vn -0.0464 -0.5897 0.8063
vn 0.0000 -0.5845 0.8114
vn 0.0529 -0.5856 0.8088
vn 0.0464 -0.5897 0.8063
vn 0.0471 -0.5897 0.8062
vn 0.0926 -0.6015 0.7935
vn 0.1352 -0.6195 0.7732
vn 0.1734 -0.6437 0.7454
vn 0.2056 -0.6733 0.7102
vn 0.2298 -0.7078 0.6680
vn 0.2442 -0.7457 0.6200
vn 0.2467 -0.7855 0.5676
vn 0.2361 -0.8251 0.5133
vn 0.2115 -0.8622 0.4603
vn 0.1734 -0.8944 0.4124
vn 0.1234 -0.9195 0.3732
vn 0.0644 -0.9359 0.3463
vn -0.0000 -0.9425 0.3341
vn -0.0796 -0.9377 0.3383
vn -0.1545 -0.9197 0.3610
vn -0.2194 -0.8901 0.3996
vn -0.2703 -0.8510 0.4503
vn -0.3049 -0.8053 0.5085
vn -0.3224 -0.7560 0.5696
vn -0.3236 -0.7063 0.6296
vn -0.3103 -0.6587 0.6855
vn -0.2849 -0.6152 0.7351
vn -0.2497 -0.5775 0.7773
vn -0.2072 -0.5463 0.8116
vn -0.1594 -0.5222 0.8378
vn -0.1080 -0.5056 0.8560
vn -0.0544 -0.4965 0.8663
vn -0.0550 -0.4962 0.8664
vn -0.0517 -0.4986 0.8653
vn 0.0000 -0.4949 0.8689
vn 0.0550 -0.4962 0.8664
vn 0.0517 -0.4986 0.8653
vn 0.0491 -0.5005 0.8643
vn 0.0968 -0.5131 0.8528
vn 0.1416 -0.5327 0.8344
vn 0.1821 -0.5590 0.8089
vn 0.2167 -0.5917 0.7765
vn 0.2432 -0.6302 0.7374
vn 0.2596 -0.6732 0.6924
vn 0.2638 -0.7192 0.6428
vn 0.2538 -0.7658 0.5909
vn 0.2287 -0.8103 0.5395
vn 0.1885 -0.8497 0.4924
vn 0.1347 -0.8810 0.4535
vn 0.0704 -0.9017 0.4265
vn -0.0000 -0.9102 0.4141
vn -0.0856 -0.9044 0.4180
vn -0.1656 -0.8827 0.4398
vn -0.2343 -0.8471 0.4770
vn -0.2872 -0.8008 0.5255
vn -0.3222 -0.7476 0.5808
vn -0.3388 -0.6913 0.6382
vn -0.3383 -0.6355 0.6940
vn -0.3230 -0.5830 0.7455
vn -0.2953 -0.5357 0.7911
vn -0.2581 -0.4951 0.8296
vn -0.2137 -0.4618 0.8608
vn -0.1641 -0.4364 0.8847
vn -0.1110 -0.4188 0.9012
vn -0.0559 -0.4092 0.9107
vn -0.0570 -0.4095 0.9105
vn -0.0533 -0.4114 0.9099
vn 0.0000 -0.4076 0.9132
vn 0.0570 -0.4095 0.9105
vn 0.0533 -0.4114 0.9099
vn 0.0510 -0.4134 0.9091
vn 0.1004 -0.4266 0.8988
vn 0.1472 -0.4472 0.8822
vn 0.1897 -0.4752 0.8592
vn 0.2263 -0.5102 0.8297
vn 0.2549 -0.5518 0.7940
vn 0.2732 -0.5990 0.7527
vn 0.2789 -0.6501 0.7068
vn 0.2698 -0.7028 0.6583
vn 0.2444 -0.7539 0.6098
vn 0.2024 -0.8000 0.5648
vn 0.1452 -0.8372 0.5273
vn 0.0761 -0.8621 0.5010
vn -0.0000 -0.8724 0.4888
vn -0.0912 -0.8657 0.4922
vn -0.1760 -0.8404 0.5126
vn -0.2480 -0.7993 0.5474
vn -0.3026 -0.7465 0.5926
vn -0.3377 -0.6868 0.6437
vn -0.3534 -0.6246 0.6964
vn -0.3514 -0.5638 0.7475
vn -0.3342 -0.5073 0.7944
vn -0.3047 -0.4570 0.8357
vn -0.2656 -0.4142 0.8706
vn -0.2195 -0.3794 0.8988
vn -0.1684 -0.3529 0.9204
vn -0.1138 -0.3346 0.9354
vn -0.0573 -0.3247 0.9441
vn -0.0550 -0.3267 0.9435
vn -0.0582 -0.3248 0.9440
vn 0.0000 -0.3229 0.9464
vn 0.0550 -0.3267 0.9435
vn 0.0582 -0.3248 0.9440
vn 0.0526 -0.3288 0.9429
vn 0.1037 -0.3425 0.9338
vn 0.1522 -0.3639 0.9189
vn 0.1965 -0.3931 0.8982
vn 0.2349 -0.4300 0.8718
vn 0.2653 -0.4740 0.8396
vn 0.2854 -0.5245 0.8022
vn 0.2925 -0.5797 0.7605
vn 0.2842 -0.6375 0.7161
vn 0.2587 -0.6945 0.6714
vn 0.2152 -0.7465 0.6296
vn 0.1550 -0.7891 0.5944
vn 0.0815 -0.8180 0.5695
vn -0.0000 -0.8301 0.5577
vn -0.0964 -0.8226 0.5604
vn -0.1856 -0.7940 0.5789
vn -0.2605 -0.7479 0.6105
vn -0.3165 -0.6894 0.6515
vn -0.3517 -0.6241 0.6977
vn -0.3666 -0.5569 0.7453
vn -0.3632 -0.4921 0.7912
vn -0.3443 -0.4325 0.8333
vn -0.3132 -0.3799 0.8704
vn -0.2726 -0.3354 0.9018
vn -0.2250 -0.2993 0.9272
vn -0.1724 -0.2720 0.9467
vn -0.1165 -0.2532 0.9604
vn -0.0586 -0.2428 0.9683
vn -0.0565 -0.2449 0.9679
vn -0.0594 -0.2427 0.9683
vn 0.0000 -0.2409 0.9705
vn 0.0565 -0.2449 0.9679
vn 0.0594 -0.2427 0.9683
vn 0.0541 -0.2470 0.9675
vn 0.1069 -0.2611 0.9594
vn 0.1569 -0.2831 0.9462
vn 0.2028 -0.3133 0.9277
vn 0.2429 -0.3515 0.9041
vn 0.2750 -0.3975 0.8754
vn 0.2966 -0.4505 0.8421
vn 0.3050 -0.5092 0.8048
vn 0.2975 -0.5713 0.7649
vn 0.2719 -0.6332 0.7247
vn 0.2271 -0.6904 0.6868
vn 0.1642 -0.7379 0.6547
vn 0.0865 -0.7704 0.6317
vn 0.0000 -0.7841 0.6206
vn -0.1012 -0.7759 0.6227
vn -0.1945 -0.7445 0.6387
vn -0.2722 -0.6940 0.6665
vn -0.3294 -0.6307 0.7027
vn -0.3647 -0.5606 0.7435
vn -0.3787 -0.4894 0.7855
vn -0.3741 -0.4213 0.8262
vn -0.3539 -0.3591 0.8636
vn -0.3214 -0.3046 0.8966
vn -0.2794 -0.2587 0.9247
vn -0.2304 -0.2216 0.9475
vn -0.1764 -0.1935 0.9651
vn -0.1192 -0.1742 0.9775
vn -0.0600 -0.1636 0.9847
vn -0.0546 -0.1677 0.9843
vn -0.0601 -0.1628 0.9848
vn 0.0000 -0.1616 0.9869
vn 0.0546 -0.1677 0.9843
vn 0.0601 -0.1628 0.9848
vn 0.0557 -0.1678 0.9842
vn 0.1099 -0.1821 0.9771
vn 0.1615 -0.2047 0.9654
vn 0.2090 -0.2357 0.9491
vn 0.2505 -0.2750 0.9282
vn 0.2841 -0.3226 0.9029
vn 0.3071 -0.3778 0.8735
vn 0.3167 -0.4393 0.8407
vn 0.3099 -0.5049 0.8057
vn 0.2842 -0.5709 0.7702
vn 0.2383 -0.6327 0.7368
vn 0.1728 -0.6844 0.7083
vn 0.0912 -0.7202 0.6878
vn 0.0000 -0.7354 0.6776
vn -0.1058 -0.7267 0.6788
vn -0.2029 -0.6927 0.6921
vn -0.2830 -0.6385 0.7157
vn -0.3414 -0.5710 0.7466
vn -0.3768 -0.4970 0.7817
vn -0.3902 -0.4225 0.8181
vn -0.3846 -0.3517 0.8535
vn -0.3632 -0.2874 0.8863
vn -0.3294 -0.2313 0.9154
vn -0.2861 -0.1842 0.9403
vn -0.2358 -0.1462 0.9607
vn -0.1805 -0.1174 0.9765
vn -0.1219 -0.0976 0.9877
vn -0.0614 -0.0867 0.9943
vn -0.0566 -0.0914 0.9942
vn -0.0617 -0.0862 0.9944
vn 0.0000 -0.0846 0.9964
vn 0.0566 -0.0914 0.9942
vn 0.0617 -0.0862 0.9944
vn 0.0572 -0.0909 0.9942
vn 0.1130 -0.1055 0.9880
vn 0.1661 -0.1285 0.9777
vn 0.2150 -0.1602 0.9634
vn 0.2580 -0.2006 0.9451
vn 0.2930 -0.2495 0.9230
vn 0.3172 -0.3065 0.8975
vn 0.3278 -0.3704 0.8691
vn 0.3216 -0.4389 0.8390
vn 0.2958 -0.5084 0.8087
vn 0.2488 -0.5741 0.7801
vn 0.1809 -0.6295 0.7557
vn 0.0957 -0.6681 0.7379
vn 0.0000 -0.6848 0.7288
vn -0.1101 -0.6755 0.7291
vn -0.2108 -0.6394 0.7394
vn -0.2933 -0.5821 0.7584
vn -0.3528 -0.5111 0.7838
vn -0.3883 -0.4339 0.8130
vn -0.4013 -0.3566 0.8437
vn -0.3948 -0.2836 0.8739
vn -0.3724 -0.2175 0.9022
vn -0.3375 -0.1599 0.9276
vn -0.2930 -0.1116 0.9496
vn -0.2414 -0.0727 0.9677
vn -0.1848 -0.0432 0.9818
vn -0.1248 -0.0229 0.9919
vn -0.0628 -0.0117 0.9980
vn -0.0583 -0.0163 0.9982
vn -0.0631 -0.0113 0.9979
vn 0.0000 -0.0095 1.0000
vn 0.0583 -0.0163 0.9982
vn 0.0632 -0.0113 0.9979
vn 0.0588 -0.0158 0.9981
vn 0.1162 -0.0307 0.9928
vn 0.1708 -0.0543 0.9838
vn 0.2212 -0.0867 0.9714
vn 0.2656 -0.1280 0.9556
vn 0.3018 -0.1782 0.9366
vn 0.3272 -0.2368 0.9148
vn 0.3386 -0.3026 0.8909
vn 0.3329 -0.3736 0.8658
vn 0.3070 -0.4462 0.8406
vn 0.2589 -0.5151 0.8171
vn 0.1887 -0.5737 0.7970
vn 0.1000 -0.6149 0.7822
vn -0.0000 -0.6327 0.7744
vn -0.1142 -0.6231 0.7738
vn -0.2183 -0.5852 0.7810
vn -0.3031 -0.5252 0.7951
vn -0.3638 -0.4514 0.8148
vn -0.3995 -0.3715 0.8381
vn -0.4122 -0.2919 0.8631
vn -0.4051 -0.2169 0.8882
vn -0.3818 -0.1492 0.9121
vn -0.3459 -0.0903 0.9339
vn -0.3002 -0.0408 0.9530
vn -0.2474 -0.0010 0.9689
vn -0.1894 0.0293 0.9815
vn -0.1279 0.0501 0.9905
vn -0.0644 0.0617 0.9960
vn -0.0599 0.0572 0.9966
vn -0.0647 0.0621 0.9960
vn 0.0000 0.0640 0.9979
vn 0.0599 0.0572 0.9966
vn 0.0647 0.0622 0.9960
vn 0.0605 0.0576 0.9965
vn 0.1195 0.0424 0.9919
vn 0.1757 0.0183 0.9843
vn 0.2276 -0.0148 0.9736
vn 0.2734 -0.0571 0.9602
vn 0.3108 -0.1085 0.9443
vn 0.3372 -0.1686 0.9262
vn 0.3494 -0.2362 0.9067
vn 0.3440 -0.3094 0.8865
vn 0.3179 -0.3845 0.8667
vn 0.2686 -0.4562 0.8483
vn 0.1962 -0.5176 0.8328
vn 0.1042 -0.5610 0.8213
vn 0.0000 -0.5799 0.8147
vn -0.1182 -0.5699 0.8132
vn -0.2256 -0.5306 0.8171
vn -0.3127 -0.4684 0.8263
vn -0.3745 -0.3923 0.8402
vn -0.4106 -0.3102 0.8574
vn -0.4231 -0.2285 0.8768
vn -0.4155 -0.1518 0.8968
vn -0.3915 -0.0825 0.9165
vn -0.3546 -0.0222 0.9348
vn -0.3078 0.0285 0.9510
vn -0.2537 0.0694 0.9648
vn -0.1943 0.1004 0.9758
vn -0.1313 0.1219 0.9838
vn -0.0661 0.1338 0.9888
vn -0.0619 0.1295 0.9896
vn -0.0663 0.1342 0.9887
vn 0.0000 0.1363 0.9907
vn 0.0619 0.1295 0.9896
vn 0.0663 0.1342 0.9887
vn 0.0623 0.1298 0.9896
vn 0.1230 0.1142 0.9858
vn 0.1809 0.0896 0.9794
vn 0.2343 0.0556 0.9706
vn 0.2814 0.0123 0.9595
vn 0.3200 -0.0403 0.9466
vn 0.3474 -0.1018 0.9322
vn 0.3602 -0.1711 0.9170
vn 0.3552 -0.2462 0.9018
vn 0.3286 -0.3236 0.8873
vn 0.2782 -0.3977 0.8743
vn 0.2036 -0.4615 0.8635
vn 0.1082 -0.5067 0.8553
vn -0.0000 -0.5265 0.8502
vn -0.1221 -0.5164 0.8476
vn -0.2327 -0.4758 0.8482
vn -0.3220 -0.4120 0.8524
vn -0.3852 -0.3338 0.8604
vn -0.4218 -0.2498 0.8716
vn -0.4342 -0.1664 0.8853
vn -0.4263 -0.0880 0.9003
vn -0.4016 -0.0172 0.9156
vn -0.3638 0.0445 0.9304
vn -0.3159 0.0965 0.9439
vn -0.2605 0.1384 0.9555
vn -0.1996 0.1705 0.9649
vn -0.1349 0.1926 0.9720
vn -0.0679 0.2050 0.9764
vn -0.0639 0.2007 0.9776
vn -0.0681 0.2053 0.9763
vn 0.0000 0.2077 0.9782
vn 0.0639 0.2007 0.9776
vn 0.0681 0.2053 0.9763
vn 0.0642 0.2010 0.9775
vn 0.1268 0.1850 0.9745
vn 0.1864 0.1597 0.9694
vn 0.2414 0.1249 0.9624
vn 0.2899 0.0805 0.9537
vn 0.3297 0.0266 0.9437
vn 0.3579 -0.0363 0.9331
vn 0.3713 -0.1073 0.9223
vn 0.3664 -0.1842 0.9121
vn 0.3395 -0.2635 0.9030
vn 0.2878 -0.3397 0.8954
vn 0.2109 -0.4055 0.8894
vn 0.1122 -0.4524 0.8847
vn 0.0000 -0.4730 0.8810
vn -0.1259 -0.4627 0.8775
vn -0.2398 -0.4213 0.8747
vn -0.3314 -0.3560 0.8738
vn -0.3959 -0.2762 0.8758
vn -0.4331 -0.1906 0.8810
vn -0.4457 -0.1056 0.8889
vn -0.4375 -0.0256 0.8989
vn -0.4122 0.0467 0.9099
vn -0.3736 0.1099 0.9211
vn -0.3246 0.1633 0.9316
vn -0.2678 0.2065 0.9411
vn -0.2052 0.2396 0.9489
vn -0.1387 0.2625 0.9549
vn -0.0699 0.2754 0.9588
vn -0.0658 0.2714 0.9602
vn -0.0700 0.2756 0.9587
vn 0.0000 0.2782 0.9605
vn 0.0658 0.2714 0.9602
vn 0.0700 0.2757 0.9587
vn 0.0662 0.2714 0.9602
vn 0.1308 0.2550 0.9581
vn 0.1922 0.2290 0.9543
vn 0.2489 0.1932 0.9491
vn 0.2988 0.1476 0.9428
vn 0.3398 0.0924 0.9360
vn 0.3689 0.0280 0.9291
vn 0.3828 -0.0446 0.9227
vn 0.3779 -0.1232 0.9176
vn 0.3504 -0.2043 0.9140
vn 0.2974 -0.2824 0.9120
vn 0.2182 -0.3499 0.9110
vn 0.1162 -0.3982 0.9099
vn 0.0000 -0.4196 0.9077
vn -0.1298 -0.4092 0.9032
vn -0.2469 -0.3670 0.8969
vn -0.3409 -0.3006 0.8908
vn -0.4068 -0.2195 0.8868
vn -0.4448 -0.1324 0.8858
vn -0.4576 -0.0460 0.8880
vn -0.4492 0.0356 0.8927
vn -0.4235 0.1095 0.8993
vn -0.3840 0.1743 0.9067
vn -0.3338 0.2291 0.9144
vn -0.2756 0.2737 0.9215
vn -0.2113 0.3079 0.9277
vn -0.1429 0.3317 0.9325
vn -0.1349 0.3241 0.9364
vn -0.1433 0.3317 0.9324
vn -0.0720 0.3451 0.9358
vn -0.0683 0.3410 0.9376
vn -0.0722 0.3451 0.9358
vn 0.0000 0.3482 0.9374
vn 0.0683 0.3410 0.9376
vn 0.0722 0.3451 0.9358
vn 0.0684 0.3412 0.9375
vn 0.1349 0.3241 0.9364
vn 0.1433 0.3317 0.9324
vn 0.1350 0.3243 0.9363
vn 0.1984 0.2975 0.9339
vn 0.2568 0.2606 0.9306
vn 0.3083 0.2138 0.9270
vn 0.3504 0.1571 0.9233
vn 0.3804 0.0912 0.9203
vn 0.3948 0.0171 0.9186
vn 0.3898 -0.0632 0.9187
vn 0.3617 -0.1459 0.9208
vn 0.3072 -0.2257 0.9245
vn 0.2256 -0.2948 0.9285
vn 0.1203 -0.3443 0.9311
vn 0.0000 -0.3663 0.9305
vn -0.1336 -0.3559 0.9249
vn -0.2541 -0.3132 0.9151
vn -0.3505 -0.2458 0.9037
vn -0.4180 -0.1636 0.8936
vn -0.4569 -0.0753 0.8863
vn -0.4701 0.0125 0.8825
vn -0.4616 0.0956 0.8819
vn -0.4353 0.1711 0.8839
vn -0.3950 0.2375 0.8874
vn -0.3437 0.2940 0.8919
vn -0.2839 0.3400 0.8965
vn -0.2178 0.3755 0.9009
vn -0.1474 0.4002 0.9045
vn -0.1395 0.3931 0.9089
vn -0.1474 0.4000 0.9046
vn -0.0743 0.4142 0.9071
vn -0.0706 0.4104 0.9091
vn 0.0000 0.4175 0.9087
vn 0.0706 0.4104 0.9091
vn 0.0742 0.4142 0.9072
vn 0.0707 0.4104 0.9092
vn 0.1395 0.3931 0.9089
vn 0.1474 0.4001 0.9045
vn 0.1396 0.3930 0.9089
vn 0.2050 0.3653 0.9080
vn 0.2653 0.3273 0.9069
vn 0.3183 0.2791 0.9060
vn 0.3617 0.2209 0.9058
vn 0.3924 0.1534 0.9069
vn 0.4072 0.0777 0.9100
vn 0.4022 -0.0041 0.9155
vn 0.3733 -0.0884 0.9235
vn 0.3173 -0.1697 0.9330
vn 0.2332 -0.2401 0.9423
vn 0.1243 -0.2907 0.9487
vn -0.0000 -0.3133 0.9497
vn -0.1376 -0.3029 0.9430
vn -0.2615 -0.2598 0.9296
vn -0.3605 -0.1918 0.9128
vn -0.4297 -0.1087 0.8964
vn -0.4695 -0.0193 0.8827
vn -0.4831 0.0699 0.8728
vn -0.4745 0.1545 0.8666
vn -0.4479 0.2316 0.8636
vn -0.4067 0.2998 0.8630
vn -0.3541 0.3579 0.8640
vn -0.2927 0.4055 0.8660
vn -0.2247 0.4422 0.8683
vn -0.1522 0.4680 0.8705
vn -0.1445 0.4612 0.8754
vn -0.1520 0.4676 0.8708
vn -0.0767 0.4827 0.8724
vn -0.0732 0.4791 0.8747
vn -0.0766 0.4824 0.8726
vn 0.0000 0.4862 0.8739
vn 0.0732 0.4790 0.8747
vn 0.0766 0.4824 0.8726
vn 0.0732 0.4789 0.8748
vn 0.1444 0.4613 0.8754
vn 0.1519 0.4676 0.8708
vn 0.1444 0.4609 0.8756
vn 0.2121 0.4323 0.8764
vn 0.2743 0.3932 0.8776
vn 0.3289 0.3435 0.8797
vn 0.3735 0.2838 0.8831
vn 0.4051 0.2147 0.8887
vn 0.4203 0.1374 0.8969
vn 0.4151 0.0540 0.9082
vn 0.3854 -0.0317 0.9222
vn 0.3277 -0.1143 0.9378
vn 0.2410 -0.1860 0.9525
vn 0.1286 -0.2375 0.9629
vn 0.0000 -0.2606 0.9655
vn -0.1417 -0.2503 0.9577
vn -0.2691 -0.2070 0.9406
vn -0.3708 -0.1384 0.9183
vn -0.4418 -0.0546 0.8955
vn -0.4827 0.0358 0.8750
vn -0.4968 0.1262 0.8587
vn -0.4882 0.2122 0.8465
vn -0.4610 0.2910 0.8383
vn -0.4190 0.3609 0.8332
vn -0.3651 0.4207 0.8305
vn -0.3020 0.4699 0.8295
vn -0.2320 0.5080 0.8295
vn -0.1572 0.5348 0.8302
vn -0.1499 0.5284 0.8357
vn -0.1570 0.5340 0.8308
vn -0.0793 0.5501 0.8313
vn -0.0758 0.5468 0.8338
vn -0.0791 0.5498 0.8316
vn 0.0000 0.5539 0.8326
vn 0.0758 0.5468 0.8338
vn 0.0791 0.5498 0.8316
vn 0.0757 0.5465 0.8341
vn 0.1499 0.5284 0.8357
vn 0.1570 0.5340 0.8308
vn 0.1495 0.5280 0.8360
vn 0.2194 0.4984 0.8387
vn 0.2837 0.4581 0.8424
vn 0.3400 0.4070 0.8478
vn 0.3860 0.3458 0.8553
vn 0.4185 0.2750 0.8656
vn 0.4341 0.1961 0.8793
vn 0.4286 0.1113 0.8966
vn 0.3980 0.0242 0.9171
vn 0.3386 -0.0596 0.9390
vn 0.2491 -0.1323 0.9594
vn 0.1329 -0.1846 0.9738
vn 0.0000 -0.2081 0.9781
vn -0.1460 -0.1980 0.9693
vn -0.2771 -0.1546 0.9483
vn -0.3815 -0.0857 0.9204
vn -0.4545 -0.0013 0.8908
vn -0.4965 0.0899 0.8634
vn -0.5111 0.1814 0.8402
vn -0.5025 0.2688 0.8218
vn -0.4748 0.3491 0.8079
vn -0.4318 0.4207 0.7979
vn -0.3765 0.4822 0.7910
vn -0.3117 0.5329 0.7866
vn -0.2396 0.5724 0.7842
vn -0.1624 0.6003 0.7831
vn -0.1553 0.5944 0.7890
vn -0.1620 0.5993 0.7840
vn -0.0819 0.6163 0.7832
vn -0.0787 0.6130 0.7861
vn -0.0818 0.6158 0.7837
vn 0.0000 0.6203 0.7843
vn 0.0788 0.6131 0.7861
vn 0.0818 0.6158 0.7837
vn 0.0784 0.6127 0.7864
vn 0.1553 0.5944 0.7890
vn 0.1620 0.5993 0.7840
vn 0.1547 0.5937 0.7897
vn 0.2271 0.5633 0.7944
vn 0.2935 0.5218 0.8010
vn 0.3516 0.4693 0.8100
vn 0.3990 0.4066 0.8219
vn 0.4324 0.3343 0.8374
vn 0.4484 0.2539 0.8570
vn 0.4428 0.1678 0.8808
vn 0.4113 0.0794 0.9081
vn 0.3499 -0.0054 0.9368
vn 0.2575 -0.0790 0.9630
vn 0.1375 -0.1320 0.9817
vn 0.0000 -0.1560 0.9878
vn -0.1505 -0.1460 0.9778
vn -0.2854 -0.1026 0.9529
vn -0.3928 -0.0337 0.9190
vn -0.4677 0.0511 0.8824
vn -0.5109 0.1430 0.8476
vn -0.5260 0.2354 0.8172
vn -0.5173 0.3240 0.7921
vn -0.4891 0.4058 0.7721
vn -0.4451 0.4789 0.7567
vn -0.3884 0.5420 0.7453
vn -0.3217 0.5942 0.7372
vn -0.2475 0.6350 0.7319
vn -0.1678 0.6638 0.7288
vn -0.1609 0.6585 0.7351
vn -0.1671 0.6627 0.7300
vn -0.0847 0.6805 0.7278
vn -0.0816 0.6776 0.7309
vn -0.0844 0.6799 0.7285
vn 0.0000 0.6849 0.7287
vn 0.0816 0.6776 0.7309
vn 0.0844 0.6799 0.7285
vn 0.0812 0.6771 0.7314
vn 0.1609 0.6585 0.7351
vn 0.1671 0.6627 0.7300
vn 0.1601 0.6576 0.7361
vn 0.2350 0.6264 0.7432
vn 0.3036 0.5838 0.7530
vn 0.3636 0.5301 0.7660
vn 0.4125 0.4660 0.7828
vn 0.4470 0.3923 0.8039
vn 0.4634 0.3107 0.8299
vn 0.4577 0.2233 0.8606
vn 0.4251 0.1340 0.8952
vn 0.3619 0.0482 0.9310
vn 0.2664 -0.0261 0.9635
vn 0.1423 -0.0796 0.9866
vn 0.0000 -0.1040 0.9946
vn -0.1552 -0.0943 0.9834
vn -0.2942 -0.0511 0.9544
vn -0.4046 0.0178 0.9143
vn -0.4816 0.1027 0.8703
vn -0.5260 0.1950 0.8278
vn -0.5416 0.2882 0.7897
vn -0.5327 0.3777 0.7573
vn -0.5039 0.4607 0.7307
vn -0.4587 0.5351 0.7094
vn -0.4004 0.5995 0.6930
vn -0.3318 0.6530 0.6808
vn -0.2554 0.6949 0.6722
vn -0.1732 0.7247 0.6670
vn -0.1665 0.7201 0.6736
vn -0.1724 0.7234 0.6685
vn -0.0874 0.7420 0.6647
vn -0.0842 0.7395 0.6679
vn -0.0870 0.7414 0.6654
vn 0.0000 0.7466 0.6653
vn 0.0842 0.7395 0.6679
vn 0.0870 0.7414 0.6654
vn 0.0840 0.7388 0.6686
vn 0.1665 0.7201 0.6736
vn 0.1724 0.7234 0.6685
vn 0.1656 0.7190 0.6750
vn 0.2430 0.6871 0.6847
vn 0.3139 0.6436 0.6980
vn 0.3759 0.5889 0.7154
vn 0.4264 0.5237 0.7376
vn 0.4620 0.4489 0.7649
vn 0.4790 0.3662 0.7978
vn 0.4732 0.2779 0.8360
vn 0.4397 0.1878 0.8783
vn 0.3744 0.1014 0.9217
vn 0.2757 0.0265 0.9609
vn 0.1473 -0.0275 0.9887
vn -0.0000 -0.0522 0.9986
vn -0.1601 -0.0428 0.9862
vn -0.3034 0.0001 0.9529
vn -0.4170 0.0687 0.9063
vn -0.4961 0.1535 0.8546
vn -0.5417 0.2459 0.8038
vn -0.5576 0.3394 0.7575
vn -0.5485 0.4296 0.7173
vn -0.5189 0.5134 0.6836
vn -0.4724 0.5887 0.6559
vn -0.4125 0.6541 0.6340
vn -0.3419 0.7086 0.6172
vn -0.2632 0.7514 0.6051
vn -0.1785 0.7819 0.5973
vn -0.1721 0.7779 0.6043
vn -0.1777 0.7806 0.5993
vn -0.0901 0.7997 0.5936
vn -0.0872 0.7974 0.5971
vn -0.0898 0.7990 0.5946
vn 0.0000 0.8046 0.5938
vn 0.0867 0.7968 0.5979
vn 0.1710 0.7768 0.6061
vn 0.2510 0.7445 0.6186
vn 0.3242 0.7005 0.6358
vn 0.3883 0.6451 0.6581
vn 0.4405 0.5791 0.6860
vn 0.4774 0.5036 0.7201
vn 0.4952 0.4202 0.7604
vn 0.4893 0.3314 0.8067
vn 0.4549 0.2408 0.8574
vn 0.3876 0.1540 0.9089
vn 0.2856 0.0789 0.9551
vn 0.1526 0.0246 0.9880
vn 0.0000 -0.0004 1.0000
vn -0.0000 -0.8933 -0.4495
vn -0.0000 -0.8933 -0.4494
vn -0.0071 -0.9288 -0.3705
vn -0.0139 -0.9300 -0.3672
vn -0.0199 -0.9319 -0.3623
vn -0.0249 -0.9342 -0.3559
vn -0.0286 -0.9369 -0.3483
vn -0.0309 -0.9399 -0.3399
vn -0.0318 -0.9431 -0.3311
vn -0.0310 -0.9461 -0.3222
vn -0.0287 -0.9491 -0.3138
vn -0.0249 -0.9517 -0.3061
vn -0.0200 -0.9539 -0.2996
vn -0.0140 -0.9555 -0.2945
vn -0.0072 -0.9566 -0.2912
vn 0.0145 -0.9567 -0.2907
vn 0.0286 -0.9549 -0.2954
vn 0.0415 -0.9518 -0.3038
vn 0.0524 -0.9476 -0.3152
vn 0.0611 -0.9422 -0.3293
vn 0.0670 -0.9361 -0.3452
vn 0.0700 -0.9294 -0.3622
vn 0.0699 -0.9225 -0.3797
vn 0.0666 -0.9157 -0.3964
vn 0.0604 -0.9093 -0.4118
vn 0.0516 -0.9036 -0.4253
vn 0.0407 -0.8989 -0.4363
vn 0.0280 -0.8956 -0.4439
vn 0.0142 -0.8936 -0.4486
vn -0.0145 -0.9580 -0.2863
vn -0.0281 -0.9598 -0.2794
vn -0.0402 -0.9623 -0.2690
vn -0.0503 -0.9655 -0.2553
vn -0.0579 -0.9692 -0.2392
vn -0.0627 -0.9732 -0.2214
vn -0.0642 -0.9772 -0.2026
vn -0.0627 -0.9810 -0.1838
vn -0.0580 -0.9845 -0.1658
vn -0.0504 -0.9875 -0.1495
vn -0.0403 -0.9899 -0.1357
vn -0.0281 -0.9917 -0.1251
vn -0.0145 -0.9929 -0.1181
vn 0.0220 -0.9929 -0.1165
vn 0.0432 -0.9913 -0.1241
vn 0.0626 -0.9885 -0.1373
vn 0.0793 -0.9846 -0.1557
vn 0.0926 -0.9796 -0.1782
vn 0.1018 -0.9737 -0.2038
vn 0.1063 -0.9671 -0.2311
vn 0.1062 -0.9600 -0.2590
vn 0.1013 -0.9528 -0.2861
vn 0.0919 -0.9459 -0.3111
vn 0.0786 -0.9397 -0.3329
vn 0.0619 -0.9345 -0.3505
vn 0.0426 -0.9308 -0.3631
vn 0.0217 -0.9286 -0.3704
vn -0.0219 -0.9800 -0.1979
vn -0.0425 -0.9814 -0.1871
vn -0.0608 -0.9834 -0.1708
vn -0.0760 -0.9858 -0.1495
vn -0.0874 -0.9884 -0.1246
vn -0.0943 -0.9908 -0.0969
vn -0.0965 -0.9930 -0.0680
vn -0.0939 -0.9948 -0.0391
vn -0.0867 -0.9962 -0.0118
vn -0.0751 -0.9971 0.0128
vn -0.0599 -0.9976 0.0336
vn -0.0418 -0.9979 0.0495
vn -0.0215 -0.9980 0.0600
vn 0.0290 -0.9976 0.0626
vn 0.0570 -0.9970 0.0524
vn 0.0827 -0.9960 0.0347
vn 0.1051 -0.9944 0.0100
vn 0.1230 -0.9922 -0.0204
vn 0.1356 -0.9892 -0.0553
vn 0.1420 -0.9855 -0.0928
vn 0.1422 -0.9811 -0.1314
vn 0.1360 -0.9762 -0.1690
vn 0.1236 -0.9712 -0.2039
vn 0.1058 -0.9664 -0.2344
vn 0.0834 -0.9622 -0.2592
vn 0.0575 -0.9592 -0.2770
vn 0.0293 -0.9574 -0.2872
vn -0.0294 -0.9939 -0.1064
vn -0.0570 -0.9942 -0.0918
vn -0.0814 -0.9943 -0.0695
vn -0.1015 -0.9940 -0.0409
vn -0.1163 -0.9932 -0.0073
vn -0.1251 -0.9917 0.0296
vn -0.1275 -0.9895 0.0678
vn -0.1236 -0.9867 0.1055
vn -0.1136 -0.9835 0.1410
vn -0.0981 -0.9801 0.1725
vn -0.0780 -0.9769 0.1989
vn -0.0542 -0.9742 0.2190
vn -0.0278 -0.9723 0.2321
vn 0.0352 -0.9713 0.2353
vn 0.0693 -0.9723 0.2233
vn 0.1008 -0.9741 0.2022
vn 0.1285 -0.9766 0.1727
vn 0.1510 -0.9791 0.1360
vn 0.1671 -0.9815 0.0935
vn 0.1759 -0.9833 0.0471
vn 0.1769 -0.9842 -0.0009
vn 0.1698 -0.9843 -0.0483
vn 0.1549 -0.9836 -0.0927
vn 0.1329 -0.9823 -0.1318
vn 0.1050 -0.9809 -0.1636
vn 0.0725 -0.9797 -0.1867
vn 0.0369 -0.9791 -0.1999
vn -0.0368 -0.9992 -0.0133
vn -0.0712 -0.9974 0.0051
vn -0.1016 -0.9943 0.0327
vn -0.1263 -0.9897 0.0682
vn -0.1441 -0.9835 0.1093
vn -0.1543 -0.9760 0.1539
vn -0.1565 -0.9673 0.1997
vn -0.1509 -0.9579 0.2442
vn -0.1380 -0.9484 0.2855
vn -0.1186 -0.9394 0.3218
vn -0.0939 -0.9314 0.3517
vn -0.0651 -0.9250 0.3744
vn -0.0333 -0.9206 0.3890
vn 0.0404 -0.9189 0.3925
vn 0.0796 -0.9217 0.3795
vn 0.1163 -0.9270 0.3566
vn 0.1488 -0.9342 0.3243
vn 0.1756 -0.9427 0.2836
vn 0.1955 -0.9519 0.2359
vn 0.2069 -0.9611 0.1832
vn 0.2092 -0.9695 0.1277
vn 0.2019 -0.9767 0.0723
vn 0.1851 -0.9825 0.0197
vn 0.1594 -0.9868 -0.0271
vn 0.1263 -0.9898 -0.0655
vn 0.0874 -0.9918 -0.0935
vn 0.0445 -0.9930 -0.1095
vn -0.0441 -0.9958 0.0800
vn -0.0852 -0.9912 0.1016
vn -0.1211 -0.9836 0.1339
vn -0.1499 -0.9731 0.1749
vn -0.1703 -0.9601 0.2220
vn -0.1813 -0.9450 0.2724
vn -0.1828 -0.9285 0.3233
vn -0.1751 -0.9115 0.3721
vn -0.1592 -0.8950 0.4166
vn -0.1362 -0.8799 0.4552
vn -0.1074 -0.8670 0.4867
vn -0.0741 -0.8569 0.5102
vn -0.0379 -0.8501 0.5253
vn 0.0446 -0.8476 0.5288
vn 0.0881 -0.8523 0.5156
vn 0.1290 -0.8609 0.4922
vn 0.1657 -0.8728 0.4591
vn 0.1966 -0.8875 0.4168
vn 0.2200 -0.9039 0.3667
vn 0.2344 -0.9212 0.3104
vn 0.2386 -0.9383 0.2502
vn 0.2316 -0.9543 0.1891
vn 0.2135 -0.9682 0.1303
vn 0.1849 -0.9797 0.0773
vn 0.1471 -0.9886 0.0333
vn 0.1020 -0.9948 0.0011
vn 0.0521 -0.9985 -0.0175
vn -0.0511 -0.9838 0.1720
vn -0.0986 -0.9756 0.1961
vn -0.1397 -0.9626 0.2320
vn -0.1721 -0.9453 0.2770
vn -0.1944 -0.9244 0.3281
vn -0.2057 -0.9010 0.3819
vn -0.2061 -0.8763 0.4354
vn -0.1962 -0.8517 0.4859
vn -0.1774 -0.8284 0.5314
vn -0.1509 -0.8075 0.5702
vn -0.1185 -0.7901 0.6015
vn -0.0816 -0.7767 0.6246
vn -0.0416 -0.7678 0.6393
vn 0.0479 -0.7647 0.6426
vn 0.0948 -0.7710 0.6298
vn 0.1392 -0.7824 0.6070
vn 0.1795 -0.7985 0.5745
vn 0.2140 -0.8187 0.5328
vn 0.2409 -0.8421 0.4826
vn 0.2583 -0.8674 0.4253
vn 0.2646 -0.8934 0.3632
vn 0.2586 -0.9185 0.2990
vn 0.2399 -0.9416 0.2364
vn 0.2089 -0.9614 0.1791
vn 0.1669 -0.9772 0.1309
vn 0.1162 -0.9886 0.0953
vn 0.0594 -0.9954 0.0747
vn -0.0579 -0.9636 0.2612
vn -0.1114 -0.9514 0.2871
vn -0.1572 -0.9325 0.3253
vn -0.1927 -0.9078 0.3726
vn -0.2163 -0.8787 0.4256
vn -0.2275 -0.8469 0.4806
vn -0.2265 -0.8143 0.5345
vn -0.2144 -0.7825 0.5846
vn -0.1927 -0.7532 0.6290
vn -0.1632 -0.7274 0.6665
vn -0.1276 -0.7062 0.6964
vn -0.0876 -0.6902 0.7183
vn -0.0446 -0.6797 0.7322
vn 0.0506 -0.6761 0.7351
vn 0.1002 -0.6836 0.7229
vn 0.1474 -0.6973 0.7015
vn 0.1906 -0.7169 0.6707
vn 0.2282 -0.7417 0.6307
vn 0.2582 -0.7709 0.5823
vn 0.2786 -0.8034 0.5263
vn 0.2872 -0.8377 0.4646
vn 0.2827 -0.8719 0.3999
vn 0.2639 -0.9042 0.3357
vn 0.2312 -0.9329 0.2762
vn 0.1857 -0.9564 0.2255
vn 0.1297 -0.9736 0.1876
vn 0.0665 -0.9839 0.1656
vn -0.0643 -0.9359 0.3463
vn -0.1234 -0.9195 0.3732
vn -0.1734 -0.8944 0.4124
vn -0.2116 -0.8622 0.4603
vn -0.2361 -0.8251 0.5133
vn -0.2467 -0.7855 0.5676
vn -0.2442 -0.7457 0.6200
vn -0.2298 -0.7078 0.6680
vn -0.2056 -0.6733 0.7102
vn -0.1734 -0.6437 0.7454
vn -0.1352 -0.6195 0.7732
vn -0.0926 -0.6015 0.7935
vn -0.0471 -0.5897 0.8062
vn 0.0527 -0.5859 0.8087
vn 0.1044 -0.5943 0.7974
vn 0.1539 -0.6097 0.7775
vn 0.1997 -0.6318 0.7489
vn 0.2399 -0.6603 0.7117
vn 0.2727 -0.6943 0.6660
vn 0.2957 -0.7329 0.6128
vn 0.3067 -0.7744 0.5534
vn 0.3038 -0.8169 0.4902
vn 0.2856 -0.8581 0.4267
vn 0.2517 -0.8956 0.3669
vn 0.2032 -0.9269 0.3154
vn 0.1425 -0.9504 0.2766
vn 0.0733 -0.9645 0.2539
vn -0.0704 -0.9017 0.4265
vn -0.1347 -0.8810 0.4535
vn -0.1885 -0.8497 0.4924
vn -0.2287 -0.8103 0.5395
vn -0.2538 -0.7658 0.5909
vn -0.2638 -0.7192 0.6428
vn -0.2596 -0.6732 0.6924
vn -0.2432 -0.6302 0.7374
vn -0.2167 -0.5917 0.7765
vn -0.1821 -0.5590 0.8089
vn -0.1416 -0.5327 0.8344
vn -0.0968 -0.5131 0.8528
vn -0.0491 -0.5005 0.8643
vn 0.0544 -0.4965 0.8663
vn 0.1080 -0.5056 0.8560
vn 0.1594 -0.5222 0.8378
vn 0.2072 -0.5463 0.8116
vn 0.2497 -0.5775 0.7773
vn 0.2849 -0.6152 0.7351
vn 0.3103 -0.6587 0.6855
vn 0.3236 -0.7063 0.6296
vn 0.3224 -0.7560 0.5696
vn 0.3049 -0.8053 0.5085
vn 0.2703 -0.8510 0.4503
vn 0.2194 -0.8901 0.3996
vn 0.1545 -0.9197 0.3609
vn 0.0796 -0.9376 0.3383
vn -0.0761 -0.8621 0.5010
vn -0.1452 -0.8372 0.5273
vn -0.2024 -0.8000 0.5648
vn -0.2444 -0.7540 0.6098
vn -0.2698 -0.7028 0.6583
vn -0.2789 -0.6501 0.7068
vn -0.2732 -0.5990 0.7527
vn -0.2549 -0.5518 0.7940
vn -0.2263 -0.5102 0.8297
vn -0.1897 -0.4752 0.8592
vn -0.1472 -0.4472 0.8822
vn -0.1004 -0.4266 0.8988
vn -0.0510 -0.4134 0.9091
vn 0.0559 -0.4092 0.9107
vn 0.1110 -0.4188 0.9012
vn 0.1641 -0.4364 0.8847
vn 0.2137 -0.4618 0.8608
vn 0.2581 -0.4951 0.8296
vn 0.2953 -0.5357 0.7911
vn 0.3230 -0.5830 0.7455
vn 0.3383 -0.6355 0.6940
vn 0.3388 -0.6913 0.6382
vn 0.3222 -0.7476 0.5808
vn 0.2872 -0.8008 0.5255
vn 0.2343 -0.8471 0.4770
vn 0.1656 -0.8827 0.4398
vn 0.0856 -0.9044 0.4180
vn -0.0815 -0.8180 0.5695
vn -0.1550 -0.7891 0.5944
vn -0.2152 -0.7465 0.6296
vn -0.2587 -0.6945 0.6714
vn -0.2842 -0.6375 0.7161
vn -0.2925 -0.5797 0.7605
vn -0.2854 -0.5244 0.8022
vn -0.2653 -0.4740 0.8396
vn -0.2349 -0.4300 0.8718
vn -0.1965 -0.3931 0.8982
vn -0.1522 -0.3639 0.9189
vn -0.1037 -0.3425 0.9338
vn -0.0526 -0.3288 0.9429
vn 0.0573 -0.3246 0.9441
vn 0.1138 -0.3346 0.9354
vn 0.1684 -0.3529 0.9204
vn 0.2195 -0.3794 0.8988
vn 0.2656 -0.4142 0.8706
vn 0.3047 -0.4570 0.8357
vn 0.3342 -0.5073 0.7944
vn 0.3514 -0.5638 0.7475
vn 0.3534 -0.6246 0.6964
vn 0.3377 -0.6868 0.6437
vn 0.3026 -0.7465 0.5926
vn 0.2479 -0.7993 0.5474
vn 0.1760 -0.8404 0.5126
vn 0.0912 -0.8657 0.4922
vn -0.0865 -0.7704 0.6317
vn -0.1642 -0.7379 0.6547
vn -0.2271 -0.6904 0.6868
vn -0.2719 -0.6332 0.7247
vn -0.2975 -0.5713 0.7649
vn -0.3050 -0.5092 0.8048
vn -0.2966 -0.4505 0.8421
vn -0.2750 -0.3975 0.8754
vn -0.2429 -0.3515 0.9041
vn -0.2028 -0.3133 0.9278
vn -0.1569 -0.2831 0.9462
vn -0.1069 -0.2611 0.9594
vn -0.0541 -0.2470 0.9675
vn 0.0586 -0.2428 0.9683
vn 0.1165 -0.2532 0.9604
vn 0.1724 -0.2720 0.9467
vn 0.2250 -0.2993 0.9272
vn 0.2726 -0.3354 0.9018
vn 0.3132 -0.3799 0.8704
vn 0.3443 -0.4325 0.8333
vn 0.3632 -0.4921 0.7912
vn 0.3666 -0.5570 0.7453
vn 0.3517 -0.6241 0.6977
vn 0.3165 -0.6894 0.6515
vn 0.2605 -0.7479 0.6105
vn 0.1856 -0.7940 0.5789
vn 0.0964 -0.8226 0.5604
vn -0.0912 -0.7202 0.6878
vn -0.1728 -0.6844 0.7083
vn -0.2383 -0.6327 0.7368
vn -0.2842 -0.5709 0.7702
vn -0.3099 -0.5049 0.8057
vn -0.3167 -0.4393 0.8407
vn -0.3071 -0.3778 0.8735
vn -0.2841 -0.3226 0.9029
vn -0.2505 -0.2750 0.9282
vn -0.2090 -0.2357 0.9491
vn -0.1615 -0.2047 0.9654
vn -0.1099 -0.1821 0.9771
vn -0.0557 -0.1678 0.9842
vn 0.0600 -0.1636 0.9847
vn 0.1192 -0.1742 0.9775
vn 0.1764 -0.1935 0.9651
vn 0.2304 -0.2216 0.9475
vn 0.2794 -0.2587 0.9247
vn 0.3214 -0.3046 0.8966
vn 0.3539 -0.3591 0.8636
vn 0.3741 -0.4213 0.8262
vn 0.3787 -0.4894 0.7855
vn 0.3647 -0.5606 0.7435
vn 0.3294 -0.6307 0.7027
vn 0.2722 -0.6940 0.6665
vn 0.1945 -0.7445 0.6387
vn 0.1012 -0.7759 0.6227
vn -0.0957 -0.6681 0.7379
vn -0.1809 -0.6295 0.7556
vn -0.2488 -0.5741 0.7801
vn -0.2958 -0.5084 0.8087
vn -0.3216 -0.4388 0.8390
vn -0.3278 -0.3703 0.8691
vn -0.3172 -0.3065 0.8975
vn -0.2930 -0.2495 0.9230
vn -0.2580 -0.2006 0.9451
vn -0.2150 -0.1602 0.9634
vn -0.1661 -0.1285 0.9777
vn -0.1130 -0.1055 0.9880
vn -0.0572 -0.0909 0.9942
vn 0.0614 -0.0867 0.9943
vn 0.1219 -0.0976 0.9877
vn 0.1805 -0.1174 0.9765
vn 0.2358 -0.1462 0.9607
vn 0.2861 -0.1842 0.9403
vn 0.3294 -0.2313 0.9154
vn 0.3632 -0.2874 0.8863
vn 0.3846 -0.3517 0.8535
vn 0.3902 -0.4225 0.8181
vn 0.3768 -0.4970 0.7817
vn 0.3414 -0.5710 0.7466
vn 0.2830 -0.6385 0.7157
vn 0.2029 -0.6927 0.6921
vn 0.1058 -0.7267 0.6788
vn -0.1000 -0.6149 0.7822
vn -0.1887 -0.5737 0.7970
vn -0.2589 -0.5151 0.8171
vn -0.3070 -0.4462 0.8406
vn -0.3329 -0.3736 0.8658
vn -0.3386 -0.3026 0.8909
vn -0.3271 -0.2368 0.9148
vn -0.3018 -0.1782 0.9366
vn -0.2656 -0.1280 0.9556
vn -0.2212 -0.0867 0.9714
vn -0.1708 -0.0543 0.9838
vn -0.1162 -0.0307 0.9928
vn -0.0588 -0.0158 0.9981
vn 0.0628 -0.0117 0.9980
vn 0.1248 -0.0229 0.9919
vn 0.1848 -0.0432 0.9818
vn 0.2414 -0.0727 0.9677
vn 0.2930 -0.1116 0.9496
vn 0.3375 -0.1599 0.9276
vn 0.3724 -0.2175 0.9022
vn 0.3948 -0.2835 0.8739
vn 0.4013 -0.3566 0.8437
vn 0.3883 -0.4339 0.8130
vn 0.3528 -0.5111 0.7838
vn 0.2933 -0.5821 0.7584
vn 0.2108 -0.6394 0.7394
vn 0.1101 -0.6755 0.7291
vn -0.1042 -0.5610 0.8213
vn -0.1962 -0.5176 0.8328
vn -0.2686 -0.4562 0.8483
vn -0.3179 -0.3845 0.8667
vn -0.3440 -0.3094 0.8865
vn -0.3494 -0.2362 0.9067
vn -0.3371 -0.1686 0.9262
vn -0.3108 -0.1085 0.9443
vn -0.2734 -0.0571 0.9602
vn -0.2276 -0.0148 0.9736
vn -0.1757 0.0183 0.9843
vn -0.1195 0.0424 0.9919
vn -0.0605 0.0576 0.9965
vn 0.0644 0.0617 0.9960
vn 0.1279 0.0501 0.9905
vn 0.1894 0.0293 0.9815
vn 0.2474 -0.0010 0.9689
vn 0.3002 -0.0408 0.9530
vn 0.3459 -0.0903 0.9339
vn 0.3818 -0.1492 0.9121
vn 0.4051 -0.2169 0.8882
vn 0.4122 -0.2919 0.8631
vn 0.3995 -0.3715 0.8381
vn 0.3638 -0.4514 0.8148
vn 0.3031 -0.5252 0.7951
vn 0.2183 -0.5852 0.7810
vn 0.1142 -0.6231 0.7738
vn -0.1082 -0.5067 0.8553
vn -0.2036 -0.4615 0.8635
vn -0.2782 -0.3977 0.8743
vn -0.3286 -0.3236 0.8873
vn -0.3551 -0.2462 0.9018
vn -0.3602 -0.1711 0.9170
vn -0.3474 -0.1018 0.9322
vn -0.3200 -0.0403 0.9466
vn -0.2814 0.0123 0.9595
vn -0.2343 0.0556 0.9706
vn -0.1809 0.0896 0.9794
vn -0.1230 0.1142 0.9858
vn -0.0623 0.1298 0.9896
vn 0.0661 0.1338 0.9888
vn 0.1313 0.1219 0.9838
vn 0.1943 0.1004 0.9758
vn 0.2537 0.0694 0.9648
vn 0.3078 0.0285 0.9510
vn 0.3546 -0.0222 0.9348
vn 0.3915 -0.0825 0.9165
vn 0.4155 -0.1518 0.8968
vn 0.4231 -0.2285 0.8768
vn 0.4106 -0.3102 0.8574
vn 0.3745 -0.3923 0.8402
vn 0.3126 -0.4684 0.8263
vn 0.2256 -0.5306 0.8171
vn 0.1182 -0.5699 0.8132
vn -0.1122 -0.4524 0.8847
vn -0.2109 -0.4055 0.8894
vn -0.2878 -0.3397 0.8954
vn -0.3395 -0.2635 0.9030
vn -0.3664 -0.1842 0.9121
vn -0.3713 -0.1073 0.9223
vn -0.3579 -0.0363 0.9331
vn -0.3297 0.0266 0.9437
vn -0.2899 0.0805 0.9537
vn -0.2414 0.1249 0.9624
vn -0.1864 0.1597 0.9694
vn -0.1268 0.1850 0.9745
vn -0.0642 0.2010 0.9775
vn 0.0679 0.2050 0.9764
vn 0.1349 0.1926 0.9720
vn 0.1996 0.1705 0.9649
vn 0.2605 0.1385 0.9555
vn 0.3160 0.0965 0.9439
vn 0.3638 0.0445 0.9304
vn 0.4016 -0.0172 0.9156
vn 0.4262 -0.0880 0.9003
vn 0.4342 -0.1664 0.8853
vn 0.4218 -0.2498 0.8716
vn 0.3852 -0.3338 0.8604
vn 0.3220 -0.4120 0.8524
vn 0.2327 -0.4758 0.8482
vn 0.1221 -0.5164 0.8476
vn -0.1162 -0.3982 0.9099
vn -0.2182 -0.3499 0.9110
vn -0.2974 -0.2824 0.9120
vn -0.3504 -0.2043 0.9140
vn -0.3779 -0.1232 0.9176
vn -0.3828 -0.0446 0.9227
vn -0.3689 0.0280 0.9291
vn -0.3398 0.0924 0.9360
vn -0.2988 0.1476 0.9428
vn -0.2489 0.1932 0.9491
vn -0.1922 0.2290 0.9543
vn -0.1308 0.2550 0.9581
vn -0.0662 0.2714 0.9602
vn 0.0699 0.2754 0.9588
vn 0.1387 0.2625 0.9549
vn 0.2052 0.2396 0.9489
vn 0.2678 0.2065 0.9411
vn 0.3246 0.1633 0.9316
vn 0.3736 0.1099 0.9210
vn 0.4122 0.0467 0.9099
vn 0.4375 -0.0256 0.8989
vn 0.4457 -0.1056 0.8889
vn 0.4331 -0.1906 0.8810
vn 0.3959 -0.2762 0.8758
vn 0.3314 -0.3560 0.8738
vn 0.2398 -0.4213 0.8747
vn 0.1259 -0.4627 0.8775
vn -0.1203 -0.3443 0.9311
vn -0.2256 -0.2948 0.9285
vn -0.3072 -0.2257 0.9245
vn -0.3617 -0.1459 0.9208
vn -0.3898 -0.0632 0.9187
vn -0.3948 0.0171 0.9186
vn -0.3804 0.0912 0.9203
vn -0.3504 0.1571 0.9233
vn -0.3083 0.2138 0.9269
vn -0.2568 0.2606 0.9306
vn -0.1984 0.2975 0.9339
vn -0.1350 0.3243 0.9363
vn -0.0684 0.3412 0.9375
vn 0.0720 0.3451 0.9358
vn 0.1429 0.3317 0.9325
vn 0.2113 0.3079 0.9277
vn 0.2756 0.2737 0.9215
vn 0.3338 0.2291 0.9144
vn 0.3840 0.1743 0.9067
vn 0.4235 0.1095 0.8993
vn 0.4492 0.0356 0.8927
vn 0.4576 -0.0460 0.8880
vn 0.4448 -0.1324 0.8858
vn 0.4068 -0.2195 0.8867
vn 0.3409 -0.3006 0.8908
vn 0.2469 -0.3670 0.8969
vn 0.1298 -0.4092 0.9032
vn -0.1243 -0.2907 0.9487
vn -0.2332 -0.2402 0.9423
vn -0.3173 -0.1697 0.9330
vn -0.3733 -0.0884 0.9235
vn -0.4022 -0.0041 0.9155
vn -0.4072 0.0777 0.9100
vn -0.3924 0.1534 0.9069
vn -0.3617 0.2209 0.9058
vn -0.3183 0.2791 0.9060
vn -0.2653 0.3273 0.9069
vn -0.2051 0.3653 0.9080
vn -0.1396 0.3930 0.9089
vn -0.0707 0.4104 0.9092
vn 0.0743 0.4142 0.9071
vn 0.1474 0.4002 0.9045
vn 0.2178 0.3755 0.9009
vn 0.2839 0.3400 0.8965
vn 0.3437 0.2940 0.8919
vn 0.3950 0.2375 0.8874
vn 0.4353 0.1711 0.8839
vn 0.4616 0.0956 0.8819
vn 0.4701 0.0125 0.8825
vn 0.4569 -0.0753 0.8863
vn 0.4181 -0.1636 0.8936
vn 0.3505 -0.2458 0.9037
vn 0.2541 -0.3132 0.9151
vn 0.1336 -0.3559 0.9249
vn -0.1286 -0.2375 0.9628
vn -0.2410 -0.1860 0.9526
vn -0.3277 -0.1143 0.9378
vn -0.3854 -0.0317 0.9222
vn -0.4151 0.0540 0.9082
vn -0.4203 0.1374 0.8969
vn -0.4051 0.2147 0.8887
vn -0.3735 0.2838 0.8831
vn -0.3289 0.3435 0.8797
vn -0.2743 0.3932 0.8776
vn -0.2121 0.4323 0.8764
vn -0.1444 0.4609 0.8756
vn -0.0732 0.4789 0.8748
vn 0.0767 0.4827 0.8724
vn 0.1522 0.4680 0.8705
vn 0.2247 0.4422 0.8683
vn 0.2927 0.4055 0.8660
vn 0.3541 0.3579 0.8640
vn 0.4067 0.2998 0.8630
vn 0.4479 0.2316 0.8636
vn 0.4745 0.1545 0.8666
vn 0.4831 0.0699 0.8728
vn 0.4695 -0.0193 0.8827
vn 0.4297 -0.1087 0.8964
vn 0.3605 -0.1918 0.9128
vn 0.2615 -0.2598 0.9296
vn 0.1376 -0.3029 0.9430
vn -0.1329 -0.1846 0.9738
vn -0.2491 -0.1323 0.9594
vn -0.3386 -0.0596 0.9390
vn -0.3980 0.0242 0.9171
vn -0.4287 0.1113 0.8966
vn -0.4340 0.1961 0.8793
vn -0.4185 0.2750 0.8656
vn -0.3860 0.3458 0.8553
vn -0.3400 0.4070 0.8478
vn -0.2837 0.4581 0.8424
vn -0.2194 0.4984 0.8387
vn -0.1495 0.5280 0.8360
vn -0.0757 0.5465 0.8341
vn 0.0793 0.5501 0.8313
vn 0.1572 0.5348 0.8302
vn 0.2320 0.5080 0.8295
vn 0.3020 0.4699 0.8295
vn 0.3651 0.4207 0.8305
vn 0.4190 0.3609 0.8332
vn 0.4610 0.2910 0.8383
vn 0.4882 0.2122 0.8465
vn 0.4968 0.1262 0.8587
vn 0.4827 0.0358 0.8751
vn 0.4418 -0.0546 0.8954
vn 0.3708 -0.1384 0.9183
vn 0.2691 -0.2070 0.9406
vn 0.1417 -0.2503 0.9577
vn -0.1375 -0.1320 0.9817
vn -0.2575 -0.0790 0.9630
vn -0.3499 -0.0054 0.9368
vn -0.4113 0.0794 0.9081
vn -0.4428 0.1678 0.8808
vn -0.4484 0.2539 0.8570
vn -0.4324 0.3343 0.8374
vn -0.3990 0.4066 0.8219
vn -0.3516 0.4693 0.8100
vn -0.2935 0.5218 0.8010
vn -0.2271 0.5633 0.7944
vn -0.1547 0.5937 0.7897
vn -0.0784 0.6127 0.7864
vn 0.0819 0.6163 0.7832
vn 0.1624 0.6003 0.7831
vn 0.2396 0.5724 0.7842
vn 0.3117 0.5329 0.7866
vn 0.3765 0.4822 0.7910
vn 0.4318 0.4207 0.7979
vn 0.4748 0.3491 0.8079
vn 0.5025 0.2688 0.8218
vn 0.5111 0.1814 0.8402
vn 0.4965 0.0899 0.8634
vn 0.4545 -0.0013 0.8908
vn 0.3815 -0.0857 0.9204
vn 0.2771 -0.1546 0.9483
vn 0.1460 -0.1980 0.9693
vn -0.1423 -0.0796 0.9866
vn -0.2664 -0.0261 0.9635
vn -0.3619 0.0482 0.9310
vn -0.4251 0.1340 0.8952
vn -0.4577 0.2233 0.8606
vn -0.4634 0.3107 0.8299
vn -0.4470 0.3924 0.8039
vn -0.4125 0.4660 0.7828
vn -0.3636 0.5301 0.7660
vn -0.3036 0.5838 0.7530
vn -0.2350 0.6264 0.7432
vn -0.1601 0.6576 0.7361
vn -0.0812 0.6771 0.7314
vn 0.0847 0.6805 0.7278
vn 0.1678 0.6638 0.7288
vn 0.2475 0.6350 0.7319
vn 0.3217 0.5942 0.7372
vn 0.3884 0.5420 0.7453
vn 0.4451 0.4789 0.7567
vn 0.4891 0.4058 0.7721
vn 0.5173 0.3240 0.7921
vn 0.5260 0.2354 0.8172
vn 0.5109 0.1430 0.8476
vn 0.4677 0.0511 0.8824
vn 0.3928 -0.0337 0.9190
vn 0.2854 -0.1026 0.9529
vn 0.1505 -0.1460 0.9778
vn -0.1473 -0.0275 0.9887
vn -0.2757 0.0265 0.9609
vn -0.3744 0.1014 0.9217
vn -0.4397 0.1878 0.8783
vn -0.4732 0.2779 0.8360
vn -0.4790 0.3662 0.7978
vn -0.4620 0.4489 0.7649
vn -0.4264 0.5237 0.7376
vn -0.3759 0.5889 0.7154
vn -0.3139 0.6436 0.6980
vn -0.2430 0.6871 0.6847
vn -0.1656 0.7190 0.6750
vn -0.0840 0.7388 0.6686
vn 0.0874 0.7420 0.6647
vn 0.1732 0.7247 0.6670
vn 0.2554 0.6949 0.6722
vn 0.3318 0.6530 0.6808
vn 0.4004 0.5995 0.6930
vn 0.4587 0.5351 0.7094
vn 0.5039 0.4607 0.7307
vn 0.5327 0.3777 0.7573
vn 0.5416 0.2882 0.7897
vn 0.5260 0.1950 0.8278
vn 0.4816 0.1027 0.8704
vn 0.4046 0.0178 0.9143
vn 0.2942 -0.0511 0.9544
vn 0.1552 -0.0943 0.9834
vn 0.0000 -0.0005 1.0000
vn -0.1526 0.0246 0.9880
vn -0.2856 0.0789 0.9551
vn -0.3876 0.1540 0.9089
vn -0.4549 0.2408 0.8574
vn -0.4893 0.3314 0.8067
vn -0.4951 0.4202 0.7604
vn -0.4774 0.5036 0.7201
vn -0.4405 0.5791 0.6860
vn -0.3883 0.6451 0.6581
vn -0.3242 0.7005 0.6358
vn -0.2510 0.7445 0.6186
vn -0.1710 0.7768 0.6061
vn -0.0867 0.7968 0.5979
vn 0.0901 0.7997 0.5936
vn 0.1785 0.7819 0.5973
vn 0.2632 0.7514 0.6051
vn 0.3419 0.7086 0.6172
vn 0.4125 0.6541 0.6340
vn 0.4724 0.5887 0.6559
vn 0.5189 0.5134 0.6835
vn 0.5485 0.4296 0.7173
vn 0.5576 0.3394 0.7575
vn 0.5417 0.2459 0.8038
vn 0.4961 0.1535 0.8546
vn 0.4170 0.0687 0.9063
vn 0.3034 0.0001 0.9529
vn 0.1601 -0.0428 0.9862
usemtl Default_OBJ
s 1
f 1//1 2//1 3//1
f 4//2 5//2 1//2
f 6//3 7//3 4//3
f 8//4 9//4 6//4
f 10//5 11//5 8//5
f 12//6 13//6 10//6
f 14//7 15//7 12//7
f 16//8 17//8 14//8
f 18//9 19//9 16//9
f 20//10 21//10 18//10
f 22//11 23//11 20//11
f 24//12 25//12 22//12
f 26//13 27//13 24//13
f 28//14 29//15 26//16
f 30//17 31//17 28//17
f 31//18 32//19 33//20
f 33//21 34//21 35//21
f 35//22 36//22 37//22
f 37//23 38//23 39//23
f 39//24 40//24 41//24
f 41//25 42//25 43//25
f 43//26 44//26 45//26
f 45//27 46//27 47//27
f 47//28 48//28 49//28
f 49//29 50//29 51//29
f 51//30 52//30 53//30
f 53//31 54//31 55//31
f 55//32 56//32 57//32
f 57//33 58//33 59//33
f 2//34 60//34 61//34
f 5//35 62//35 2//35
f 7//36 63//36 5//36
f 9//37 64//37 7//37
f 11//38 65//38 9//38
f 13//39 66//39 11//39
f 15//40 67//40 13//40
f 17//41 68//41 15//41
f 19//42 69//42 17//42
f 21//43 70//43 19//43
f 23//44 71//44 21//44
f 25//45 72//45 23//45
f 27//46 73//46 25//46
f 29//47 74//48 27//49
f 31//50 75//50 29//50
f 75//51 33//52 76//53
f 76//54 35//54 77//54
f 77//55 37//55 78//55
f 78//56 39//56 79//56
f 79//57 41//57 80//57
f 80//58 43//58 81//58
f 81//59 45//59 82//59
f 82//60 47//60 83//60
f 83//61 49//61 84//61
f 84//62 51//62 85//62
f 85//63 53//63 86//63
f 86//64 55//64 87//64
f 87//65 57//65 88//65
f 88//66 59//66 89//66
f 60//67 90//67 91//67
f 62//68 92//68 60//68
f 63//69 93//69 62//69
f 64//70 94//70 63//70
f 65//71 95//71 64//71
f 66//72 96//72 65//72
f 67//73 97//73 66//73
f 68//74 98//74 67//74
f 69//75 99//75 68//75
f 70//76 100//76 69//76
f 71//77 101//77 70//77
f 72//78 102//78 71//78
f 73//79 103//79 72//79
f 74//80 104//81 73//82
f 75//83 105//83 74//83
f 105//84 76//85 106//86
f 106//87 77//87 107//87
f 107//88 78//88 108//88
f 108//89 79//89 109//89
f 109//90 80//90 110//90
f 110//91 81//91 111//91
f 111//92 82//92 112//92
f 112//93 83//93 113//93
f 113//94 84//94 114//94
f 114//95 85//95 115//95
f 115//96 86//96 116//96
f 116//97 87//97 117//97
f 117//98 88//98 118//98
f 118//99 89//99 119//99
f 90//100 120//100 121//100
f 92//101 122//101 90//101
f 93//102 123//102 92//102
f 94//103 124//103 93//103
f 95//104 125//104 94//104
f 96//105 126//105 95//105
f 97//106 127//106 96//106
f 98//107 128//107 97//107
f 99//108 129//108 98//108
f 100//109 130//109 99//109
f 101//110 131//110 100//110
f 102//111 132//111 101//111
f 103//112 133//112 102//112
f 104//113 134//114 103//115
f 105//116 135//116 104//116
f 135//117 106//118 136//119
f 136//120 107//120 137//120
f 137//121 108//121 138//121
f 138//122 109//122 139//122
f 139//123 110//123 140//123
f 140//124 111//124 141//124
f 141//125 112//125 142//125
f 142//126 113//126 143//126
f 143//127 114//127 144//127
f 144//128 115//128 145//128
f 145//129 116//129 146//129
f 146//130 117//130 147//130
f 147//131 118//131 148//131
f 148//132 119//132 149//132
f 120//133 150//133 151//133
f 122//134 152//134 120//134
f 123//135 153//135 122//135
f 124//136 154//136 123//136
f 125//137 155//137 124//137
f 126//138 156//138 125//138
f 127//139 157//139 126//139
f 128//140 158//140 127//140
f 129//141 159//141 128//141
f 130//142 160//142 129//142
f 131//143 161//143 130//143
f 132//144 162//144 131//144
f 133//145 163//145 132//145
f 134//146 164//147 133//148
f 135//149 165//149 134//149
f 165//150 136//151 166//152
f 166//153 137//153 167//153
f 167//154 138//154 168//154
f 168//155 139//155 169//155
f 169//156 140//156 170//156
f 170//157 141//157 171//157
f 171//158 142//158 172//158
f 172//159 143//159 173//159
f 173//160 144//160 174//160
f 174//161 145//161 175//161
f 175//162 146//162 176//162
f 176//163 147//163 177//163
f 177//164 148//164 178//164
f 178//165 149//165 179//165
f 150//166 180//166 181//166
f 152//167 182//167 150//167
f 153//168 183//168 152//168
f 154//169 184//169 153//169
f 155//170 185//170 154//170
f 156//171 186//171 155//171
f 157//172 187//172 156//172
f 158//173 188//173 157//173
f 159//174 189//174 158//174
f 160//175 190//175 159//175
f 161//176 191//176 160//176
f 162//177 192//177 161//177
f 163//178 193//178 162//178
f 164//179 194//180 163//181
f 165//182 195//182 164//182
f 195//183 166//184 196//185
f 196//186 167//186 197//186
f 197//187 168//187 198//187
f 198//188 169//188 199//188
f 199//189 170//189 200//189
f 200//190 171//190 201//190
f 201//191 172//191 202//191
f 202//192 173//192 203//192
f 203//193 174//193 204//193
f 204//194 175//194 205//194
f 205//195 176//195 206//195
f 206//196 177//196 207//196
f 207//197 178//197 208//197
f 208//198 179//198 209//198
f 180//199 210//199 211//199
f 182//200 212//200 180//200
f 183//201 213//201 182//201
f 184//202 214//202 183//202
f 185//203 215//203 184//203
f 186//204 216//204 185//204
f 187//205 217//205 186//205
f 188//206 218//206 187//206
f 189//207 219//207 188//207
f 190//208 220//208 189//208
f 191//209 221//209 190//209
f 192//210 222//210 191//210
f 193//211 223//211 192//211
f 194//212 224//213 193//214
f 195//215 225//215 194//215
f 225//216 196//217 226//218
f 226//219 197//219 227//219
f 227//220 198//220 228//220
f 228//221 199//221 229//221
f 229//222 200//222 230//222
f 230//223 201//223 231//223
f 231//224 202//224 232//224
f 232//225 203//225 233//225
f 233//226 204//226 234//226
f 234//227 205//227 235//227
f 235//228 206//228 236//228
f 236//229 207//229 237//229
f 237//230 208//230 238//230
f 238//231 209//231 239//231
f 210//232 240//232 241//232
f 212//233 242//233 210//233
f 213//234 243//234 212//234
f 214//235 244//235 213//235
f 215//236 245//236 214//236
f 216//237 246//237 215//237
f 217//238 247//238 216//238
f 218//239 248//239 217//239
f 219//240 249//240 218//240
f 220//241 250//241 219//241
f 221//242 251//242 220//242
f 222//243 252//243 221//243
f 223//244 253//244 222//244
f 224//245 254//246 223//247
f 225//248 255//248 224//248
f 255//249 226//250 256//251
f 256//252 227//252 257//252
f 257//253 228//253 258//253
f 258//254 229//254 259//254
f 259//255 230//255 260//255
f 260//256 231//256 261//256
f 261//257 232//257 262//257
f 262//258 233//258 263//258
f 263//259 234//259 264//259
f 264//260 235//260 265//260
f 265//261 236//261 266//261
f 266//262 237//262 267//262
f 267//263 238//263 268//263
f 268//264 239//264 269//264
f 240//265 270//265 271//265
f 242//266 272//266 240//266
f 243//267 273//267 242//267
f 244//268 274//268 243//268
f 245//269 275//269 244//269
f 246//270 276//270 245//270
f 247//271 277//271 246//271
f 248//272 278//272 247//272
f 249//273 279//273 248//273
f 250//274 280//274 249//274
f 251//275 281//275 250//275
f 252//276 282//276 251//276
f 253//277 283//277 252//277
f 254//278 284//279 253//280
f 255//281 285//281 254//281
f 285//282 256//283 286//284
f 286//285 257//285 287//285
f 287//286 258//286 288//286
f 288//287 259//287 289//287
f 289//288 260//288 290//288
f 290//289 261//289 291//289
f 291//290 262//290 292//290
f 292//291 263//291 293//291
f 293//292 264//292 294//292
f 294//293 265//293 295//293
f 295//294 266//294 296//294
f 296//295 267//295 297//295
f 297//296 268//296 298//296
f 298//297 269//297 299//297
f 270//298 300//298 301//298
f 272//299 302//299 270//299
f 273//300 303//300 272//300
f 274//301 304//301 273//301
f 275//302 305//302 274//302
f 276//303 306//303 275//303
f 277//304 307//304 276//304
f 278//305 308//305 277//305
f 279//306 309//306 278//306
f 280//307 310//307 279//307
f 281//308 311//308 280//308
f 282//309 312//309 281//309
f 283//310 313//310 282//310
f 284//311 314//312 283//313
f 285//314 315//314 284//314
f 315//315 286//316 316//317
f 316//318 287//318 317//318
f 317//319 288//319 318//319
f 318//320 289//320 319//320
f 319//321 290//321 320//321
f 320//322 291//322 321//322
f 321//323 292//323 322//323
f 322//324 293//324 323//324
f 323//325 294//325 324//325
f 324//326 295//326 325//326
f 325//327 296//327 326//327
f 326//328 297//328 327//328
f 327//329 298//329 328//329
f 328//330 299//330 329//330
f 300//331 330//331 331//331
f 302//332 332//332 300//332
f 303//333 333//333 302//333
f 304//334 334//334 303//334
f 305//335 335//335 304//335
f 306//336 336//336 305//336
f 307//337 337//337 306//337
f 308//338 338//338 307//338
f 309//339 339//339 308//339
f 310//340 340//340 309//340
f 311//341 341//341 310//341
f 312//342 342//342 311//342
f 313//343 343//343 312//343
f 314//344 344//345 313//346
f 315//347 345//347 314//347
f 345//348 316//349 346//350
f 346//351 317//351 347//351
f 347//352 318//352 348//352
f 348//353 319//353 349//353
f 349//354 320//354 350//354
f 350//355 321//355 351//355
f 351//356 322//356 352//356
f 352//357 323//357 353//357
f 353//358 324//358 354//358
f 354//359 325//359 355//359
f 355//360 326//360 356//360
f 356//361 327//361 357//361
f 357//362 328//362 358//362
f 358//363 329//363 359//363
f 330//364 360//364 361//364
f 332//365 362//365 330//365
f 333//366 363//366 332//366
f 334//367 364//367 333//367
f 335//368 365//368 334//368
f 336//369 366//369 335//369
f 337//370 367//370 336//370
f 338//371 368//371 337//371
f 339//372 369//372 338//372
f 340//373 370//373 339//373
f 341//374 371//374 340//374
f 342//375 372//375 341//375
f 343//376 373//376 342//376
f 344//377 374//378 343//379
f 345//380 375//380 344//380
f 375//381 346//382 376//383
f 376//384 347//384 377//384
f 377//385 348//385 378//385
f 378//386 349//386 379//386
f 379//387 350//387 380//387
f 380//388 351//388 381//388
f 381//389 352//389 382//389
f 382//390 353//390 383//390
f 383//391 354//391 384//391
f 384//392 355//392 385//392
f 385//393 356//393 386//393
f 386//394 357//394 387//394
f 387//395 358//395 388//395
f 388//396 359//396 389//396
f 360//397 390//397 391//397
f 362//398 392//398 360//398
f 363//399 393//399 362//399
f 364//400 394//400 363//400
f 365//401 395//401 364//401
f 366//402 396//402 365//402
f 367//403 397//403 366//403
f 368//404 398//404 367//404
f 369//405 399//405 368//405
f 370//406 400//406 369//406
f 371//407 401//407 370//407
f 372//408 402//408 371//408
f 373//409 403//409 372//409
f 374//410 404//411 373//412
f 375//413 405//413 374//413
f 405//414 376//415 406//416
f 406//417 377//417 407//417
f 407//418 378//418 408//418
f 408//419 379//419 409//419
f 409//420 380//420 410//420
f 410//421 381//421 411//421
f 411//422 382//422 412//422
f 412//423 383//423 413//423
f 413//424 384//424 414//424
f 414//425 385//425 415//425
f 415//426 386//426 416//426
f 416//427 387//427 417//427
f 417//428 388//428 418//428
f 418//429 389//429 419//429
f 390//430 420//430 421//430
f 392//431 422//431 390//431
f 393//432 423//432 392//432
f 394//433 424//433 393//433
f 395//434 425//434 394//434
f 396//435 426//435 395//435
f 397//436 427//436 396//436
f 398//437 428//437 397//437
f 399//438 429//438 398//438
f 400//439 430//439 399//439
f 401//440 431//440 400//440
f 402//441 432//441 401//441
f 403//442 433//442 402//442
f 404//443 434//444 403//445
f 405//446 435//446 404//446
f 435//447 406//448 436//449
f 436//450 407//450 437//450
f 437//451 408//451 438//451
f 438//452 409//452 439//452
f 439//453 410//453 440//453
f 440//454 411//454 441//454
f 441//455 412//455 442//455
f 442//456 413//456 443//456
f 443//457 414//457 444//457
f 444//458 415//458 445//458
f 445//459 416//459 446//459
f 446//460 417//460 447//460
f 447//461 418//461 448//461
f 448//462 419//462 449//462
f 420//463 450//463 451//463
f 422//464 452//464 420//464
f 423//465 453//465 422//465
f 424//466 454//466 423//466
f 425//467 455//467 424//467
f 426//468 456//468 425//468
f 427//469 457//469 426//469
f 428//470 458//470 427//470
f 429//471 459//471 428//471
f 430//472 460//472 429//472
f 431//473 461//473 430//473
f 432//474 462//474 431//474
f 433//475 463//475 432//475
f 434//476 464//477 433//478
f 435//479 465//479 434//479
f 465//480 436//481 466//482
f 466//483 437//483 467//483
f 467//484 438//484 468//484
f 468//485 439//485 469//485
f 469//486 440//486 470//486
f 470//487 441//487 471//487
f 471//488 442//488 472//488
f 472//489 443//489 473//489
f 473//490 444//490 474//490
f 474//491 445//491 475//491
f 475//492 446//492 476//492
f 476//493 447//493 477//493
f 477//494 448//494 478//494
f 478//495 449//495 479//495
f 450//496 480//496 481//496
f 452//497 482//497 450//497
f 453//498 483//498 452//498
f 454//499 484//499 453//499
f 455//500 485//500 454//500
f 456//501 486//501 455//501
f 457//502 487//502 456//502
f 458//503 488//503 457//503
f 459//504 489//504 458//504
f 460//505 490//505 459//505
f 461//506 491//506 460//506
f 462//507 492//507 461//507
f 463//508 493//508 462//508
f 464//509 494//510 463//511
f 465//512 495//512 464//512
f 495//513 466//514 496//515
f 496//516 467//516 497//516
f 497//517 468//517 498//517
f 498//518 469//518 499//518
f 499//519 470//519 500//519
f 500//520 471//520 501//520
f 501//521 472//521 502//521
f 502//522 473//522 503//522
f 503//523 474//523 504//523
f 504//524 475//524 505//524
f 505//525 476//525 506//525
f 506//526 477//526 507//526
f 507//527 478//527 508//527
f 508//528 479//528 509//528
f 480//529 510//529 511//529
f 482//530 512//530 480//530
f 483//531 513//531 482//531
f 484//532 514//532 483//532
f 485//533 515//533 484//533
f 486//534 516//534 485//534
f 487//535 517//535 486//535
f 488//536 518//536 487//536
f 489//537 519//537 488//537
f 490//538 520//538 489//538
f 491//539 521//539 490//539
f 492//540 522//540 491//540
f 493//541 523//541 492//541
f 494//542 524//543 493//544
f 495//545 525//545 494//545
f 525//546 496//547 526//548
f 526//549 497//549 527//549
f 527//550 498//550 528//550
f 528//551 499//551 529//551
f 529//552 500//552 530//552
f 530//553 501//553 531//553
f 531//554 502//554 532//554
f 532//555 503//555 533//555
f 533//556 504//556 534//556
f 534//557 505//557 535//557
f 535//558 506//558 536//558
f 536//559 507//559 537//559
f 537//560 508//560 538//560
f 538//561 509//561 539//561
f 510//562 540//562 541//562
f 512//563 542//563 510//563
f 513//564 543//564 512//564
f 514//565 544//565 513//565
f 515//566 545//566 514//566
f 516//567 546//567 515//567
f 517//568 547//568 516//568
f 518//569 548//569 517//569
f 519//570 549//570 518//570
f 520//571 550//571 519//571
f 521//572 551//572 520//572
f 522//573 552//573 521//573
f 523//574 553//574 522//574
f 524//575 554//576 523//577
f 525//578 555//578 524//578
f 555//579 526//580 556//581
f 556//582 527//582 557//582
f 557//583 528//583 558//583
f 558//584 529//584 559//584
f 559//585 530//585 560//585
f 560//586 531//586 561//586
f 561//587 532//587 562//587
f 562//588 533//588 563//588
f 563//589 534//589 564//589
f 564//590 535//590 565//590
f 565//591 536//591 566//591
f 566//592 537//592 567//592
f 567//593 538//593 568//593
f 568//594 539//594 569//594
f 540//595 570//595 571//595
f 542//596 572//596 540//596
f 543//597 573//597 542//597
f 544//598 574//598 543//598
f 545//599 575//599 544//599
f 546//600 576//600 545//600
f 547//601 577//601 546//601
f 548//602 578//602 547//602
f 549//603 579//603 548//603
f 550//604 580//604 549//604
f 551//605 581//605 550//605
f 552//606 582//606 551//606
f 553//607 583//607 552//607
f 554//608 584//609 553//610
f 555//611 585//611 554//611
f 585//612 556//613 586//614
f 586//615 557//615 587//615
f 587//616 558//616 588//616
f 588//617 559//617 589//617
f 589//618 560//618 590//618
f 590//619 561//619 591//619
f 591//620 562//620 592//620
f 592//621 563//621 593//621
f 593//622 564//622 594//622
f 594//623 565//623 595//623
f 595//624 566//624 596//624
f 596//625 567//625 597//625
f 597//626 568//626 598//626
f 598//627 569//627 599//627
f 570//628 600//628 601//628
f 572//629 602//629 570//629
f 573//630 603//630 572//630
f 574//631 604//631 573//631
f 575//632 605//632 574//632
f 576//633 606//633 575//633
f 577//634 607//634 576//634
f 578//635 608//635 577//635
f 579//636 609//636 578//636
f 580//637 610//637 579//637
f 581//638 611//638 580//638
f 582//639 612//639 581//639
f 583//640 613//640 582//640
f 584//641 614//642 583//643
f 585//644 615//644 584//644
f 615//645 586//646 616//647
f 616//648 587//648 617//648
f 617//649 588//649 618//649
f 618//650 589//650 619//650
f 619//651 590//651 620//651
f 620//652 591//652 621//652
f 621//653 592//653 622//653
f 622//654 593//654 623//654
f 623//655 594//655 624//655
f 624//656 595//656 625//656
f 625//657 596//657 626//657
f 626//658 597//658 627//658
f 627//659 598//659 628//659
f 628//660 599//660 629//660
f 600//661 630//661 631//661
f 602//662 632//662 600//662
f 603//663 633//663 602//663
f 604//664 634//664 603//664
f 605//665 635//665 604//665
f 606//666 636//666 605//666
f 607//667 637//667 606//667
f 608//668 638//668 607//668
f 609//669 639//669 608//669
f 610//670 640//670 609//670
f 611//671 641//671 610//671
f 612//672 642//672 611//672
f 613//673 643//674 612//675
f 614//676 644//677 613//678
f 615//679 645//679 614//679
f 645//680 616//681 646//682
f 646//683 617//684 647//685
f 647//686 618//686 648//686
f 648//687 619//687 649//687
f 649//688 620//688 650//688
f 650//689 621//689 651//689
f 651//690 622//690 652//690
f 652//691 623//691 653//691
f 653//692 624//692 654//692
f 654//693 625//693 655//693
f 655//694 626//694 656//694
f 656//695 627//695 657//695
f 657//696 628//696 658//696
f 658//697 629//697 659//697
f 630//698 660//698 661//698
f 632//699 662//699 630//699
f 633//700 663//700 632//700
f 634//701 664//701 633//701
f 635//702 665//702 634//702
f 636//703 666//703 635//703
f 637//704 667//704 636//704
f 638//705 668//705 637//705
f 639//706 669//706 638//706
f 640//707 670//707 639//707
f 641//708 671//708 640//708
f 642//709 672//709 641//709
f 643//710 673//711 642//712
f 644//713 674//714 643//713
f 645//715 675//715 644//715
f 675//716 646//717 676//718
f 676//719 647//720 677//721
f 677//722 648//722 678//722
f 678//723 649//723 679//723
f 679//724 650//724 680//724
f 680//725 651//725 681//725
f 681//726 652//726 682//726
f 682//727 653//727 683//727
f 683//728 654//728 684//728
f 684//729 655//729 685//729
f 685//730 656//730 686//730
f 686//731 657//731 687//731
f 687//732 658//732 688//732
f 688//733 659//733 689//733
f 660//734 690//734 691//734
f 662//735 692//735 660//735
f 663//736 693//736 662//736
f 664//737 694//737 663//737
f 665//738 695//738 664//738
f 666//739 696//739 665//739
f 667//740 697//740 666//740
f 668//741 698//741 667//741
f 669//742 699//742 668//742
f 670//743 700//743 669//743
f 671//744 701//744 670//744
f 672//745 702//745 671//745
f 673//746 703//747 672//748
f 674//749 704//750 673//751
f 675//752 705//752 674//752
f 705//753 676//754 706//755
f 706//756 677//757 707//758
f 707//759 678//759 708//759
f 708//760 679//760 709//760
f 709//761 680//761 710//761
f 710//762 681//762 711//762
f 711//763 682//763 712//763
f 712//764 683//764 713//764
f 713//765 684//765 714//765
f 714//766 685//766 715//766
f 715//767 686//767 716//767
f 716//768 687//768 717//768
f 717//769 688//769 718//769
f 718//770 689//770 719//770
f 690//771 720//771 721//771
f 692//772 722//772 690//772
f 693//773 723//773 692//773
f 694//774 724//774 693//774
f 695//775 725//775 694//775
f 696//776 726//776 695//776
f 697//777 727//777 696//777
f 698//778 728//778 697//778
f 699//779 729//779 698//779
f 700//780 730//780 699//780
f 701//781 731//781 700//781
f 702//782 732//782 701//782
f 703//783 733//784 702//785
f 704//786 734//787 703//788
f 705//789 735//789 704//789
f 735//790 706//791 736//792
f 736//793 707//794 737//795
f 737//796 708//796 738//796
f 738//797 709//797 739//797
f 739//798 710//798 740//798
f 740//799 711//799 741//799
f 741//800 712//800 742//800
f 742//801 713//801 743//801
f 743//802 714//802 744//802
f 744//803 715//803 745//803
f 745//804 716//804 746//804
f 746//805 717//805 747//805
f 747//806 718//806 748//806
f 748//807 719//807 749//807
f 720//808 750//808 751//808
f 722//809 752//809 720//809
f 723//810 753//810 722//810
f 724//811 754//811 723//811
f 725//812 755//812 724//812
f 726//813 756//813 725//813
f 727//814 757//814 726//814
f 728//815 758//815 727//815
f 729//816 759//816 728//816
f 730//817 760//817 729//817
f 731//818 761//818 730//818
f 732//819 762//819 731//819
f 733//820 763//821 732//822
f 734//823 764//824 733//825
f 735//826 765//826 734//826
f 765//827 736//828 766//829
f 766//830 737//831 767//832
f 767//833 738//833 768//833
f 768//834 739//834 769//834
f 769//835 740//835 770//835
f 770//836 741//836 771//836
f 771//837 742//837 772//837
f 772//838 743//838 773//838
f 773//839 744//839 774//839
f 774//840 745//840 775//840
f 775//841 746//841 776//841
f 776//842 747//842 777//842
f 777//843 748//843 778//843
f 778//844 749//844 779//844
f 750//845 780//845 781//845
f 752//846 782//846 750//846
f 753//847 783//847 752//847
f 754//848 784//848 753//848
f 755//849 785//849 754//849
f 756//850 786//850 755//850
f 757//851 787//851 756//851
f 758//852 788//852 757//852
f 759//853 789//853 758//853
f 760//854 790//854 759//854
f 761//855 791//855 760//855
f 762//856 792//856 761//856
f 763//857 793//858 762//859
f 764//860 794//861 763//862
f 765//863 795//863 764//863
f 795//864 766//865 796//866
f 796//867 767//868 797//869
f 797//870 768//870 798//870
f 798//871 769//871 799//871
f 799//872 770//872 800//872
f 800//873 771//873 801//873
f 801//874 772//874 802//874
f 802//875 773//875 803//875
f 803//876 774//876 804//876
f 804//877 775//877 805//877
f 805//878 776//878 806//878
f 806//879 777//879 807//879
f 807//880 778//880 808//880
f 808//881 779//881 809//881
f 780//882 810//882 811//882
f 782//883 812//883 780//883
f 783//884 813//884 782//884
f 784//885 814//885 783//885
f 785//886 815//886 784//886
f 786//887 816//887 785//887
f 787//888 817//888 786//888
f 788//889 818//889 787//889
f 789//890 819//890 788//890
f 790//891 820//891 789//891
f 791//892 821//892 790//892
f 792//893 822//893 791//893
f 793//894 823//895 792//896
f 794//897 824//898 793//899
f 795//900 825//900 794//900
f 825//901 796//902 826//903
f 826//904 797//905 827//906
f 827//907 798//907 828//907
f 828//908 799//908 829//908
f 829//909 800//909 830//909
f 830//910 801//910 831//910
f 831//911 802//911 832//911
f 832//912 803//912 833//912
f 833//913 804//913 834//913
f 834//914 805//914 835//914
f 835//915 806//915 836//915
f 836//916 807//916 837//916
f 837//917 808//917 838//917
f 838//918 809//918 839//918
f 810//919 840//919 841//919
f 812//920 842//920 810//920
f 813//921 843//921 812//921
f 814//922 844//922 813//922
f 815//923 845//923 814//923
f 816//924 846//924 815//924
f 817//925 847//925 816//925
f 818//926 848//926 817//926
f 819//927 849//927 818//927
f 820//928 850//928 819//928
f 821//929 851//929 820//929
f 822//930 852//930 821//930
f 823//931 853//932 822//933
f 824//934 854//935 823//936
f 825//937 855//937 824//937
f 855//938 826//938 856//938
f 856//939 827//939 857//939
f 857//940 828//940 858//940
f 858//941 829//941 859//941
f 859//942 830//942 860//942
f 860//943 831//943 861//943
f 861//944 832//944 862//944
f 862//945 833//945 863//945
f 863//946 834//946 864//946
f 864//947 835//947 865//947
f 865//948 836//948 866//948
f 866//949 837//949 867//949
f 867//950 838//950 868//950
f 868//951 839//951 869//951
f 58//952 56//953 870//952
f 56//953 54//953 870//952
f 54//953 52//952 870//952
f 52//952 50//953 870//952
f 50//953 48//953 870//952
f 48//953 46//952 870//952
f 46//952 44//952 870//952
f 44//952 42//953 870//952
f 42//953 40//953 870//952
f 40//953 38//953 870//952
f 38//953 36//952 870//952
f 36//952 34//952 870//952
f 34//952 32//952 870//952
f 32//952 30//952 870//952
f 30//952 28//952 870//952
f 28//952 26//952 870//952
f 26//952 24//952 870//952
f 24//952 22//952 870//952
f 22//952 20//953 870//952
f 20//953 18//953 870//952
f 18//953 16//953 870//952
f 16//953 14//952 870//952
f 14//952 12//952 870//952
f 12//952 10//953 870//952
f 10//953 8//953 870//952
f 8//953 6//952 870//952
f 6//952 4//953 870//952
f 4//953 1//953 870//952
f 1//953 3//952 870//952
f 2//33 61//33 3//33
f 5//954 2//954 1//954
f 7//955 5//955 4//955
f 9//956 7//956 6//956
f 11//957 9//957 8//957
f 13//958 11//958 10//958
f 15//959 13//959 12//959
f 17//960 15//960 14//960
f 19//961 17//961 16//961
f 21//962 19//962 18//962
f 23//963 21//963 20//963
f 25//964 23//964 22//964
f 27//965 25//965 24//965
f 29//15 27//966 26//16
f 31//17 29//17 28//17
f 32//19 31//18 30//967
f 34//968 33//968 32//968
f 36//969 35//969 34//969
f 38//970 37//970 36//970
f 40//971 39//971 38//971
f 42//972 41//972 40//972
f 44//973 43//973 42//973
f 46//974 45//974 44//974
f 48//975 47//975 46//975
f 50//976 49//976 48//976
f 52//977 51//977 50//977
f 54//978 53//978 52//978
f 56//979 55//979 54//979
f 58//980 57//980 56//980
f 60//66 91//66 61//66
f 62//981 60//981 2//981
f 63//982 62//982 5//982
f 64//983 63//983 7//983
f 65//984 64//984 9//984
f 66//985 65//985 11//985
f 67//986 66//986 13//986
f 68//987 67//987 15//987
f 69//988 68//988 17//988
f 70//989 69//989 19//989
f 71//990 70//990 21//990
f 72//991 71//991 23//991
f 73//992 72//992 25//992
f 74//48 73//993 27//49
f 75//50 74//50 29//50
f 33//52 75//51 31//994
f 35//995 76//995 33//995
f 37//996 77//996 35//996
f 39//997 78//997 37//997
f 41//998 79//998 39//998
f 43//999 80//999 41//999
f 45//1000 81//1000 43//1000
f 47//1001 82//1001 45//1001
f 49//1002 83//1002 47//1002
f 51//1003 84//1003 49//1003
f 53//1004 85//1004 51//1004
f 55//1005 86//1005 53//1005
f 57//1006 87//1006 55//1006
f 59//1007 88//1007 57//1007
f 90//99 121//99 91//99
f 92//1008 90//1008 60//1008
f 93//1009 92//1009 62//1009
f 94//1010 93//1010 63//1010
f 95//1011 94//1011 64//1011
f 96//1012 95//1012 65//1012
f 97//1013 96//1013 66//1013
f 98//1014 97//1014 67//1014
f 99//1015 98//1015 68//1015
f 100//1016 99//1016 69//1016
f 101//1017 100//1017 70//1017
f 102//1018 101//1018 71//1018
f 103//1019 102//1019 72//1019
f 104//81 103//1020 73//82
f 105//83 104//83 74//83
f 76//85 105//84 75//1021
f 77//1022 106//1022 76//1022
f 78//1023 107//1023 77//1023
f 79//1024 108//1024 78//1024
f 80//1025 109//1025 79//1025
f 81//1026 110//1026 80//1026
f 82//1027 111//1027 81//1027
f 83//1028 112//1028 82//1028
f 84//1029 113//1029 83//1029
f 85//1030 114//1030 84//1030
f 86//1031 115//1031 85//1031
f 87//1032 116//1032 86//1032
f 88//1033 117//1033 87//1033
f 89//1034 118//1034 88//1034
f 120//132 151//132 121//132
f 122//1035 120//1035 90//1035
f 123//1036 122//1036 92//1036
f 124//1037 123//1037 93//1037
f 125//1038 124//1038 94//1038
f 126//1039 125//1039 95//1039
f 127//1040 126//1040 96//1040
f 128//1041 127//1041 97//1041
f 129//1042 128//1042 98//1042
f 130//1043 129//1043 99//1043
f 131//1044 130//1044 100//1044
f 132//1045 131//1045 101//1045
f 133//1046 132//1046 102//1046
f 134//114 133//1047 103//115
f 135//116 134//116 104//116
f 106//118 135//117 105//1048
f 107//1049 136//1049 106//1049
f 108//1050 137//1050 107//1050
f 109//1051 138//1051 108//1051
f 110//1052 139//1052 109//1052
f 111//1053 140//1053 110//1053
f 112//1054 141//1054 111//1054
f 113//1055 142//1055 112//1055
f 114//1056 143//1056 113//1056
f 115//1057 144//1057 114//1057
f 116//1058 145//1058 115//1058
f 117//1059 146//1059 116//1059
f 118//1060 147//1060 117//1060
f 119//1061 148//1061 118//1061
f 150//165 181//165 151//165
f 152//1062 150//1062 120//1062
f 153//1063 152//1063 122//1063
f 154//1064 153//1064 123//1064
f 155//1065 154//1065 124//1065
f 156//1066 155//1066 125//1066
f 157//1067 156//1067 126//1067
f 158//1068 157//1068 127//1068
f 159//1069 158//1069 128//1069
f 160//1070 159//1070 129//1070
f 161//1071 160//1071 130//1071
f 162//1072 161//1072 131//1072
f 163//1073 162//1073 132//1073
f 164//147 163//1074 133//148
f 165//149 164//149 134//149
f 136//151 165//150 135//1075
f 137//1076 166//1076 136//1076
f 138//1077 167//1077 137//1077
f 139//1078 168//1078 138//1078
f 140//1079 169//1079 139//1079
f 141//1080 170//1080 140//1080
f 142//1081 171//1081 141//1081
f 143//1082 172//1082 142//1082
f 144//1083 173//1083 143//1083
f 145//1084 174//1084 144//1084
f 146//1085 175//1085 145//1085
f 147//1086 176//1086 146//1086
f 148//1087 177//1087 147//1087
f 149//1088 178//1088 148//1088
f 180//198 211//198 181//198
f 182//1089 180//1089 150//1089
f 183//1090 182//1090 152//1090
f 184//1091 183//1091 153//1091
f 185//1092 184//1092 154//1092
f 186//1093 185//1093 155//1093
f 187//1094 186//1094 156//1094
f 188//1095 187//1095 157//1095
f 189//1096 188//1096 158//1096
f 190//1097 189//1097 159//1097
f 191//1098 190//1098 160//1098
f 192//1099 191//1099 161//1099
f 193//1100 192//1100 162//1100
f 194//180 193//1101 163//181
f 195//182 194//182 164//182
f 166//184 195//183 165//1102
f 167//1103 196//1103 166//1103
f 168//1104 197//1104 167//1104
f 169//1105 198//1105 168//1105
f 170//1106 199//1106 169//1106
f 171//1107 200//1107 170//1107
f 172//1108 201//1108 171//1108
f 173//1109 202//1109 172//1109
f 174//1110 203//1110 173//1110
f 175//1111 204//1111 174//1111
f 176//1112 205//1112 175//1112
f 177//1113 206//1113 176//1113
f 178//1114 207//1114 177//1114
f 179//1115 208//1115 178//1115
f 210//231 241//231 211//231
f 212//1116 210//1116 180//1116
f 213//1117 212//1117 182//1117
f 214//1118 213//1118 183//1118
f 215//1119 214//1119 184//1119
f 216//1120 215//1120 185//1120
f 217//1121 216//1121 186//1121
f 218//1122 217//1122 187//1122
f 219//1123 218//1123 188//1123
f 220//1124 219//1124 189//1124
f 221//1125 220//1125 190//1125
f 222//1126 221//1126 191//1126
f 223//1127 222//1127 192//1127
f 224//213 223//1128 193//214
f 225//215 224//215 194//215
f 196//217 225//216 195//1129
f 197//1130 226//1130 196//1130
f 198//1131 227//1131 197//1131
f 199//1132 228//1132 198//1132
f 200//1133 229//1133 199//1133
f 201//1134 230//1134 200//1134
f 202//1135 231//1135 201//1135
f 203//1136 232//1136 202//1136
f 204//1137 233//1137 203//1137
f 205//1138 234//1138 204//1138
f 206//1139 235//1139 205//1139
f 207//1140 236//1140 206//1140
f 208//1141 237//1141 207//1141
f 209//1142 238//1142 208//1142
f 240//264 271//264 241//264
f 242//1143 240//1143 210//1143
f 243//1144 242//1144 212//1144
f 244//1145 243//1145 213//1145
f 245//1146 244//1146 214//1146
f 246//1147 245//1147 215//1147
f 247//1148 246//1148 216//1148
f 248//1149 247//1149 217//1149
f 249//1150 248//1150 218//1150
f 250//1151 249//1151 219//1151
f 251//1152 250//1152 220//1152
f 252//1153 251//1153 221//1153
f 253//1154 252//1154 222//1154
f 254//246 253//1155 223//247
f 255//248 254//248 224//248
f 226//250 255//249 225//1156
f 227//1157 256//1157 226//1157
f 228//1158 257//1158 227//1158
f 229//1159 258//1159 228//1159
f 230//1160 259//1160 229//1160
f 231//1161 260//1161 230//1161
f 232//1162 261//1162 231//1162
f 233//1163 262//1163 232//1163
f 234//1164 263//1164 233//1164
f 235//1165 264//1165 234//1165
f 236//1166 265//1166 235//1166
f 237//1167 266//1167 236//1167
f 238//1168 267//1168 237//1168
f 239//1169 268//1169 238//1169
f 270//297 301//297 271//297
f 272//1170 270//1170 240//1170
f 273//1171 272//1171 242//1171
f 274//1172 273//1172 243//1172
f 275//1173 274//1173 244//1173
f 276//1174 275//1174 245//1174
f 277//1175 276//1175 246//1175
f 278//1176 277//1176 247//1176
f 279//1177 278//1177 248//1177
f 280//1178 279//1178 249//1178
f 281//1179 280//1179 250//1179
f 282//1180 281//1180 251//1180
f 283//1181 282//1181 252//1181
f 284//279 283//1182 253//280
f 285//281 284//281 254//281
f 256//283 285//282 255//1183
f 257//1184 286//1184 256//1184
f 258//1185 287//1185 257//1185
f 259//1186 288//1186 258//1186
f 260//1187 289//1187 259//1187
f 261//1188 290//1188 260//1188
f 262//1189 291//1189 261//1189
f 263//1190 292//1190 262//1190
f 264//1191 293//1191 263//1191
f 265//1192 294//1192 264//1192
f 266//1193 295//1193 265//1193
f 267//1194 296//1194 266//1194
f 268//1195 297//1195 267//1195
f 269//1196 298//1196 268//1196
f 300//330 331//330 301//330
f 302//1197 300//1197 270//1197
f 303//1198 302//1198 272//1198
f 304//1199 303//1199 273//1199
f 305//1200 304//1200 274//1200
f 306//1201 305//1201 275//1201
f 307//1202 306//1202 276//1202
f 308//1203 307//1203 277//1203
f 309//1204 308//1204 278//1204
f 310//1205 309//1205 279//1205
f 311//1206 310//1206 280//1206
f 312//1207 311//1207 281//1207
f 313//1208 312//1208 282//1208
f 314//312 313//1209 283//313
f 315//314 314//314 284//314
f 286//316 315//315 285//1210
f 287//1211 316//1211 286//1211
f 288//1212 317//1212 287//1212
f 289//1213 318//1213 288//1213
f 290//1214 319//1214 289//1214
f 291//1215 320//1215 290//1215
f 292//1216 321//1216 291//1216
f 293//1217 322//1217 292//1217
f 294//1218 323//1218 293//1218
f 295//1219 324//1219 294//1219
f 296//1220 325//1220 295//1220
f 297//1221 326//1221 296//1221
f 298//1222 327//1222 297//1222
f 299//1223 328//1223 298//1223
f 330//363 361//363 331//363
f 332//1224 330//1224 300//1224
f 333//1225 332//1225 302//1225
f 334//1226 333//1226 303//1226
f 335//1227 334//1227 304//1227
f 336//1228 335//1228 305//1228
f 337//1229 336//1229 306//1229
f 338//1230 337//1230 307//1230
f 339//1231 338//1231 308//1231
f 340//1232 339//1232 309//1232
f 341//1233 340//1233 310//1233
f 342//1234 341//1234 311//1234
f 343//1235 342//1235 312//1235
f 344//345 343//1236 313//346
f 345//347 344//347 314//347
f 316//349 345//348 315//1237
f 317//1238 346//1238 316//1238
f 318//1239 347//1239 317//1239
f 319//1240 348//1240 318//1240
f 320//1241 349//1241 319//1241
f 321//1242 350//1242 320//1242
f 322//1243 351//1243 321//1243
f 323//1244 352//1244 322//1244
f 324//1245 353//1245 323//1245
f 325//1246 354//1246 324//1246
f 326//1247 355//1247 325//1247
f 327//1248 356//1248 326//1248
f 328//1249 357//1249 327//1249
f 329//1250 358//1250 328//1250
f 360//396 391//396 361//396
f 362//1251 360//1251 330//1251
f 363//1252 362//1252 332//1252
f 364//1253 363//1253 333//1253
f 365//1254 364//1254 334//1254
f 366//1255 365//1255 335//1255
f 367//1256 366//1256 336//1256
f 368//1257 367//1257 337//1257
f 369//1258 368//1258 338//1258
f 370//1259 369//1259 339//1259
f 371//1260 370//1260 340//1260
f 372//1261 371//1261 341//1261
f 373//1262 372//1262 342//1262
f 374//378 373//1263 343//379
f 375//380 374//380 344//380
f 346//382 375//381 345//1264
f 347//1265 376//1265 346//1265
f 348//1266 377//1266 347//1266
f 349//1267 378//1267 348//1267
f 350//1268 379//1268 349//1268
f 351//1269 380//1269 350//1269
f 352//1270 381//1270 351//1270
f 353//1271 382//1271 352//1271
f 354//1272 383//1272 353//1272
f 355//1273 384//1273 354//1273
f 356//1274 385//1274 355//1274
f 357//1275 386//1275 356//1275
f 358//1276 387//1276 357//1276
f 359//1277 388//1277 358//1277
f 390//429 421//429 391//429
f 392//1278 390//1278 360//1278
f 393//1279 392//1279 362//1279
f 394//1280 393//1280 363//1280
f 395//1281 394//1281 364//1281
f 396//1282 395//1282 365//1282
f 397//1283 396//1283 366//1283
f 398//1284 397//1284 367//1284
f 399//1285 398//1285 368//1285
f 400//1286 399//1286 369//1286
f 401//1287 400//1287 370//1287
f 402//1288 401//1288 371//1288
f 403//1289 402//1289 372//1289
f 404//411 403//1290 373//412
f 405//413 404//413 374//413
f 376//415 405//414 375//1291
f 377//1292 406//1292 376//1292
f 378//1293 407//1293 377//1293
f 379//1294 408//1294 378//1294
f 380//1295 409//1295 379//1295
f 381//1296 410//1296 380//1296
f 382//1297 411//1297 381//1297
f 383//1298 412//1298 382//1298
f 384//1299 413//1299 383//1299
f 385//1300 414//1300 384//1300
f 386//1301 415//1301 385//1301
f 387//1302 416//1302 386//1302
f 388//1303 417//1303 387//1303
f 389//1304 418//1304 388//1304
f 420//462 451//462 421//462
f 422//1305 420//1305 390//1305
f 423//1306 422//1306 392//1306
f 424//1307 423//1307 393//1307
f 425//1308 424//1308 394//1308
f 426//1309 425//1309 395//1309
f 427//1310 426//1310 396//1310
f 428//1311 427//1311 397//1311
f 429//1312 428//1312 398//1312
f 430//1313 429//1313 399//1313
f 431//1314 430//1314 400//1314
f 432//1315 431//1315 401//1315
f 433//1316 432//1316 402//1316
f 434//444 433//1317 403//445
f 435//446 434//446 404//446
f 406//448 435//447 405//1318
f 407//1319 436//1319 406//1319
f 408//1320 437//1320 407//1320
f 409//1321 438//1321 408//1321
f 410//1322 439//1322 409//1322
f 411//1323 440//1323 410//1323
f 412//1324 441//1324 411//1324
f 413//1325 442//1325 412//1325
f 414//1326 443//1326 413//1326
f 415//1327 444//1327 414//1327
f 416//1328 445//1328 415//1328
f 417//1329 446//1329 416//1329
f 418//1330 447//1330 417//1330
f 419//1331 448//1331 418//1331
f 450//495 481//495 451//495
f 452//1332 450//1332 420//1332
f 453//1333 452//1333 422//1333
f 454//1334 453//1334 423//1334
f 455//1335 454//1335 424//1335
f 456//1336 455//1336 425//1336
f 457//1337 456//1337 426//1337
f 458//1338 457//1338 427//1338
f 459//1339 458//1339 428//1339
f 460//1340 459//1340 429//1340
f 461//1341 460//1341 430//1341
f 462//1342 461//1342 431//1342
f 463//1343 462//1343 432//1343
f 464//477 463//1344 433//478
f 465//479 464//479 434//479
f 436//481 465//480 435//1345
f 437//1346 466//1346 436//1346
f 438//1347 467//1347 437//1347
f 439//1348 468//1348 438//1348
f 440//1349 469//1349 439//1349
f 441//1350 470//1350 440//1350
f 442//1351 471//1351 441//1351
f 443//1352 472//1352 442//1352
f 444//1353 473//1353 443//1353
f 445//1354 474//1354 444//1354
f 446//1355 475//1355 445//1355
f 447//1356 476//1356 446//1356
f 448//1357 477//1357 447//1357
f 449//1358 478//1358 448//1358
f 480//528 511//528 481//528
f 482//1359 480//1359 450//1359
f 483//1360 482//1360 452//1360
f 484//1361 483//1361 453//1361
f 485//1362 484//1362 454//1362
f 486//1363 485//1363 455//1363
f 487//1364 486//1364 456//1364
f 488//1365 487//1365 457//1365
f 489//1366 488//1366 458//1366
f 490//1367 489//1367 459//1367
f 491//1368 490//1368 460//1368
f 492//1369 491//1369 461//1369
f 493//1370 492//1370 462//1370
f 494//510 493//1371 463//511
f 495//512 494//512 464//512
f 466//514 495//513 465//1372
f 467//1373 496//1373 466//1373
f 468//1374 497//1374 467//1374
f 469//1375 498//1375 468//1375
f 470//1376 499//1376 469//1376
f 471//1377 500//1377 470//1377
f 472//1378 501//1378 471//1378
f 473//1379 502//1379 472//1379
f 474//1380 503//1380 473//1380
f 475//1381 504//1381 474//1381
f 476//1382 505//1382 475//1382
f 477//1383 506//1383 476//1383
f 478//1384 507//1384 477//1384
f 479//1385 508//1385 478//1385
f 510//561 541//561 511//561
f 512//1386 510//1386 480//1386
f 513//1387 512//1387 482//1387
f 514//1388 513//1388 483//1388
f 515//1389 514//1389 484//1389
f 516//1390 515//1390 485//1390
f 517//1391 516//1391 486//1391
f 518//1392 517//1392 487//1392
f 519//1393 518//1393 488//1393
f 520//1394 519//1394 489//1394
f 521//1395 520//1395 490//1395
f 522//1396 521//1396 491//1396
f 523//1397 522//1397 492//1397
f 524//543 523//1398 493//544
f 525//545 524//545 494//545
f 496//547 525//546 495//1399
f 497//1400 526//1400 496//1400
f 498//1401 527//1401 497//1401
f 499//1402 528//1402 498//1402
f 500//1403 529//1403 499//1403
f 501//1404 530//1404 500//1404
f 502//1405 531//1405 501//1405
f 503//1406 532//1406 502//1406
f 504//1407 533//1407 503//1407
f 505//1408 534//1408 504//1408
f 506//1409 535//1409 505//1409
f 507//1410 536//1410 506//1410
f 508//1411 537//1411 507//1411
f 509//1412 538//1412 508//1412
f 540//594 571//594 541//594
f 542//1413 540//1413 510//1413
f 543//1414 542//1414 512//1414
f 544//1415 543//1415 513//1415
f 545//1416 544//1416 514//1416
f 546//1417 545//1417 515//1417
f 547//1418 546//1418 516//1418
f 548//1419 547//1419 517//1419
f 549//1420 548//1420 518//1420
f 550//1421 549//1421 519//1421
f 551//1422 550//1422 520//1422
f 552//1423 551//1423 521//1423
f 553//1424 552//1424 522//1424
f 554//576 553//1425 523//577
f 555//578 554//578 524//578
f 526//580 555//579 525//1426
f 527//1427 556//1427 526//1427
f 528//1428 557//1428 527//1428
f 529//1429 558//1429 528//1429
f 530//1430 559//1430 529//1430
f 531//1431 560//1431 530//1431
f 532//1432 561//1432 531//1432
f 533//1433 562//1433 532//1433
f 534//1434 563//1434 533//1434
f 535//1435 564//1435 534//1435
f 536//1436 565//1436 535//1436
f 537//1437 566//1437 536//1437
f 538//1438 567//1438 537//1438
f 539//1439 568//1439 538//1439
f 570//627 601//627 571//627
f 572//1440 570//1440 540//1440
f 573//1441 572//1441 542//1441
f 574//1442 573//1442 543//1442
f 575//1443 574//1443 544//1443
f 576//1444 575//1444 545//1444
f 577//1445 576//1445 546//1445
f 578//1446 577//1446 547//1446
f 579//1447 578//1447 548//1447
f 580//1448 579//1448 549//1448
f 581//1449 580//1449 550//1449
f 582//1450 581//1450 551//1450
f 583//1451 582//1451 552//1451
f 584//609 583//1452 553//610
f 585//611 584//611 554//611
f 556//613 585//612 555//1453
f 557//1454 586//1454 556//1454
f 558//1455 587//1455 557//1455
f 559//1456 588//1456 558//1456
f 560//1457 589//1457 559//1457
f 561//1458 590//1458 560//1458
f 562//1459 591//1459 561//1459
f 563//1460 592//1460 562//1460
f 564//1461 593//1461 563//1461
f 565//1462 594//1462 564//1462
f 566//1463 595//1463 565//1463
f 567//1464 596//1464 566//1464
f 568//1465 597//1465 567//1465
f 569//1466 598//1466 568//1466
f 600//660 631//660 601//660
f 602//1467 600//1467 570//1467
f 603//1468 602//1468 572//1468
f 604//1469 603//1469 573//1469
f 605//1470 604//1470 574//1470
f 606//1471 605//1471 575//1471
f 607//1472 606//1472 576//1472
f 608//1473 607//1473 577//1473
f 609//1474 608//1474 578//1474
f 610//1475 609//1475 579//1475
f 611//1476 610//1476 580//1476
f 612//1477 611//1477 581//1477
f 613//1478 612//1478 582//1478
f 614//642 613//1479 583//643
f 615//644 614//644 584//644
f 586//646 615//645 585//1480
f 587//1481 616//1481 586//1481
f 588//1482 617//1482 587//1482
f 589//1483 618//1483 588//1483
f 590//1484 619//1484 589//1484
f 591//1485 620//1485 590//1485
f 592//1486 621//1486 591//1486
f 593//1487 622//1487 592//1487
f 594//1488 623//1488 593//1488
f 595//1489 624//1489 594//1489
f 596//1490 625//1490 595//1490
f 597//1491 626//1491 596//1491
f 598//1492 627//1492 597//1492
f 599//1493 628//1493 598//1493
f 630//697 661//697 631//697
f 632//1494 630//1494 600//1494
f 633//1495 632//1495 602//1495
f 634//1496 633//1496 603//1496
f 635//1497 634//1497 604//1497
f 636//1498 635//1498 605//1498
f 637//1499 636//1499 606//1499
f 638//1500 637//1500 607//1500
f 639//1501 638//1501 608//1501
f 640//1502 639//1502 609//1502
f 641//1503 640//1503 610//1503
f 642//1504 641//1504 611//1504
f 643//674 642//1505 612//675
f 644//677 643//1506 613//678
f 645//679 644//679 614//679
f 616//681 645//680 615//1507
f 617//684 646//683 616//1508
f 618//1509 647//1509 617//1509
f 619//1510 648//1510 618//1510
f 620//1511 649//1511 619//1511
f 621//1512 650//1512 620//1512
f 622//1513 651//1513 621//1513
f 623//1514 652//1514 622//1514
f 624//1515 653//1515 623//1515
f 625//1516 654//1516 624//1516
f 626//1517 655//1517 625//1517
f 627//1518 656//1518 626//1518
f 628//1519 657//1519 627//1519
f 629//1520 658//1520 628//1520
f 660//733 691//733 661//733
f 662//1521 660//1521 630//1521
f 663//1522 662//1522 632//1522
f 664//1523 663//1523 633//1523
f 665//1524 664//1524 634//1524
f 666//1525 665//1525 635//1525
f 667//1526 666//1526 636//1526
f 668//1527 667//1527 637//1527
f 669//1528 668//1528 638//1528
f 670//1529 669//1529 639//1529
f 671//1530 670//1530 640//1530
f 672//1531 671//1531 641//1531
f 673//711 672//1532 642//712
f 674//714 673//1533 643//713
f 675//715 674//715 644//715
f 646//717 675//716 645//1534
f 647//720 676//719 646//1535
f 648//1536 677//1536 647//1536
f 649//1537 678//1537 648//1537
f 650//1538 679//1538 649//1538
f 651//1539 680//1539 650//1539
f 652//1540 681//1540 651//1540
f 653//1541 682//1541 652//1541
f 654//1542 683//1542 653//1542
f 655//1543 684//1543 654//1543
f 656//1544 685//1544 655//1544
f 657//1545 686//1545 656//1545
f 658//1546 687//1546 657//1546
f 659//1547 688//1547 658//1547
f 690//770 721//770 691//770
f 692//1548 690//1548 660//1548
f 693//1549 692//1549 662//1549
f 694//1550 693//1550 663//1550
f 695//1551 694//1551 664//1551
f 696//1552 695//1552 665//1552
f 697//1553 696//1553 666//1553
f 698//1554 697//1554 667//1554
f 699//1555 698//1555 668//1555
f 700//1556 699//1556 669//1556
f 701//1557 700//1557 670//1557
f 702//1558 701//1558 671//1558
f 703//747 702//1559 672//748
f 704//750 703//1560 673//751
f 705//752 704//752 674//752
f 676//754 705//753 675//1561
f 677//757 706//756 676//1562
f 678//1563 707//1563 677//1563
f 679//1564 708//1564 678//1564
f 680//1565 709//1565 679//1565
f 681//1566 710//1566 680//1566
f 682//1567 711//1567 681//1567
f 683//1568 712//1568 682//1568
f 684//1569 713//1569 683//1569
f 685//1570 714//1570 684//1570
f 686//1571 715//1571 685//1571
f 687//1572 716//1572 686//1572
f 688//1573 717//1573 687//1573
f 689//1574 718//1574 688//1574
f 720//807 751//807 721//807
f 722//1575 720//1575 690//1575
f 723//1576 722//1576 692//1576
f 724//1577 723//1577 693//1577
f 725//1578 724//1578 694//1578
f 726//1579 725//1579 695//1579
f 727//1580 726//1580 696//1580
f 728//1581 727//1581 697//1581
f 729//1582 728//1582 698//1582
f 730//1583 729//1583 699//1583
f 731//1584 730//1584 700//1584
f 732//1585 731//1585 701//1585
f 733//784 732//1586 702//785
f 734//787 733//1587 703//788
f 735//789 734//789 704//789
f 706//791 735//790 705//1588
f 707//794 736//793 706//1589
f 708//1590 737//1590 707//1590
f 709//1591 738//1591 708//1591
f 710//1592 739//1592 709//1592
f 711//1593 740//1593 710//1593
f 712//1594 741//1594 711//1594
f 713//1595 742//1595 712//1595
f 714//1596 743//1596 713//1596
f 715//1597 744//1597 714//1597
f 716//1598 745//1598 715//1598
f 717//1599 746//1599 716//1599
f 718//1600 747//1600 717//1600
f 719//1601 748//1601 718//1601
f 750//844 781//844 751//844
f 752//1602 750//1602 720//1602
f 753//1603 752//1603 722//1603
f 754//1604 753//1604 723//1604
f 755//1605 754//1605 724//1605
f 756//1606 755//1606 725//1606
f 757//1607 756//1607 726//1607
f 758//1608 757//1608 727//1608
f 759//1609 758//1609 728//1609
f 760//1610 759//1610 729//1610
f 761//1611 760//1611 730//1611
f 762//1612 761//1612 731//1612
f 763//821 762//1613 732//822
f 764//824 763//1614 733//825
f 765//826 764//826 734//826
f 736//828 765//827 735//1615
f 737//831 766//830 736//1616
f 738//1617 767//1617 737//1617
f 739//1618 768//1618 738//1618
f 740//1619 769//1619 739//1619
f 741//1620 770//1620 740//1620
f 742//1621 771//1621 741//1621
f 743//1622 772//1622 742//1622
f 744//1623 773//1623 743//1623
f 745//1624 774//1624 744//1624
f 746//1625 775//1625 745//1625
f 747//1626 776//1626 746//1626
f 748//1627 777//1627 747//1627
f 749//1628 778//1628 748//1628
f 780//881 811//881 781//881
f 782//1629 780//1629 750//1629
f 783//1630 782//1630 752//1630
f 784//1631 783//1631 753//1631
f 785//1632 784//1632 754//1632
f 786//1633 785//1633 755//1633
f 787//1634 786//1634 756//1634
f 788//1635 787//1635 757//1635
f 789//1636 788//1636 758//1636
f 790//1637 789//1637 759//1637
f 791//1638 790//1638 760//1638
f 792//1639 791//1639 761//1639
f 793//858 792//1640 762//859
f 794//861 793//1641 763//862
f 795//863 794//863 764//863
f 766//865 795//864 765//1642
f 767//868 796//867 766//1643
f 768//1644 797//1644 767//1644
f 769//1645 798//1645 768//1645
f 770//1646 799//1646 769//1646
f 771//1647 800//1647 770//1647
f 772//1648 801//1648 771//1648
f 773//1649 802//1649 772//1649
f 774//1650 803//1650 773//1650
f 775//1651 804//1651 774//1651
f 776//1652 805//1652 775//1652
f 777//1653 806//1653 776//1653
f 778//1654 807//1654 777//1654
f 779//1655 808//1655 778//1655
f 810//918 841//918 811//918
f 812//1656 810//1656 780//1656
f 813//1657 812//1657 782//1657
f 814//1658 813//1658 783//1658
f 815//1659 814//1659 784//1659
f 816//1660 815//1660 785//1660
f 817//1661 816//1661 786//1661
f 818//1662 817//1662 787//1662
f 819//1663 818//1663 788//1663
f 820//1664 819//1664 789//1664
f 821//1665 820//1665 790//1665
f 822//1666 821//1666 791//1666
f 823//895 822//1667 792//896
f 824//898 823//1668 793//899
f 825//900 824//900 794//900
f 796//902 825//901 795//1669
f 797//905 826//904 796//1670
f 798//1671 827//1671 797//1671
f 799//1672 828//1672 798//1672
f 800//1673 829//1673 799//1673
f 801//1674 830//1674 800//1674
f 802//1675 831//1675 801//1675
f 803//1676 832//1676 802//1676
f 804//1677 833//1677 803//1677
f 805//1678 834//1678 804//1678
f 806//1679 835//1679 805//1679
f 807//1680 836//1680 806//1680
f 808//1681 837//1681 807//1681
f 809//1682 838//1682 808//1682
f 840//1683 871//1683 841//1683
f 842//1684 840//1684 810//1684
f 843//1685 842//1685 812//1685
f 844//1686 843//1686 813//1686
f 845//1687 844//1687 814//1687
f 846//1688 845//1688 815//1688
f 847//1689 846//1689 816//1689
f 848//1690 847//1690 817//1690
f 849//1691 848//1691 818//1691
f 850//1692 849//1692 819//1692
f 851//1693 850//1693 820//1693
f 852//1694 851//1694 821//1694
f 853//932 852//1695 822//933
f 854//935 853//1696 823//936
f 855//937 854//937 824//937
f 826//1697 855//1697 825//1697
f 827//1698 856//1698 826//1698
f 828//1699 857//1699 827//1699
f 829//1700 858//1700 828//1700
f 830//1701 859//1701 829//1701
f 831//1702 860//1702 830//1702
f 832//1703 861//1703 831//1703
f 833//1704 862//1704 832//1704
f 834//1705 863//1705 833//1705
f 835//1706 864//1706 834//1706
f 836//1707 865//1707 835//1707
f 837//1708 866//1708 836//1708
f 838//1709 867//1709 837//1709
f 839//1710 868//1710 838//1710
